Gene,Mean_AD,Mean_Normal,log2FoldChange,p_value,adj_p_value
200883_at,0.6081494822469199,0.8214164290813426,-0.2132669468344227,1.5839053211008542e-12,3.0893507607600337e-10
200950_at,0.5394041742762179,0.7739318585413139,-0.23452768426509596,5.808727116020816e-10,3.4975966260997226e-08
201206_s_at,0.5461362059957691,0.3438482082582332,0.20228799773753586,4.4439990143397674e-10,2.8385978733349442e-08
201523_x_at,0.36989096449408715,0.5717312878029496,-0.20184032330886242,4.91207062169312e-09,1.978340065357864e-07
201532_at,0.5586129342416886,0.7596970975240934,-0.20108416328240486,5.5089377391012003e-08,1.4499258638338982e-06
201825_s_at,0.5337206268107842,0.7358235192364686,-0.20210289242568436,3.0403606041477596e-11,3.3275193121106532e-09
201971_s_at,0.22047880007206883,0.4465463565977055,-0.22606755652563665,4.1615728436154154e-14,2.1044072010034135e-11
202257_s_at,0.4174971568759665,0.6676467387213858,-0.2501495818454193,6.897312972390985e-14,2.960488698548598e-11
202675_at,0.5528339668041108,0.7567453685119403,-0.2039114017078295,4.5075619514725963e-13,1.195007188620257e-10
202785_at,0.5227882743778991,0.7805248370479573,-0.2577365626700582,2.0107286259417564e-14,1.2478627550972402e-11
203114_at,0.2365670966421969,0.4517716083112047,-0.2152045116690078,6.748856996653888e-09,2.5631107590977663e-07
203466_at,0.5097299152005034,0.7207196270612152,-0.2109897118607118,7.0772766219379934e-12,1.0264516911879058e-09
203720_s_at,0.48329095683248297,0.6971344823728083,-0.21384352554032532,4.361319659916899e-10,2.798880735452898e-08
203813_s_at,0.35252049624920195,0.5526151346911817,-0.20009463844197978,1.1204330162736817e-08,3.9124174116211365e-07
203816_at,0.4094932915892742,0.6685433022476753,-0.2590500106584011,1.4774800912771558e-12,2.934168008178884e-10
203861_s_at,0.4763690951077047,0.7119306732589235,-0.23556157815121875,2.1589517105256945e-08,6.772362421995392e-07
203997_at,0.4178189037730779,0.6181953670492044,-0.20037646327612652,8.832217776859071e-10,4.883113504265995e-08
204014_at,0.39577129781580656,0.620818518134708,-0.22504722031890145,2.4410670505515738e-08,7.45187226561057e-07
204324_s_at,0.8351386896766715,0.6341300887885246,0.20100860088814687,8.440503708026333e-13,1.8969597901499675e-10
204338_s_at,0.3465400088881441,0.6387684312969941,-0.29222842240885,1.3232559835837809e-11,1.6806274193363028e-09
204548_at,0.41004082342491066,0.6131471100043611,-0.2031062865794504,5.66029870839877e-11,5.461588221939612e-09
205279_s_at,0.5406282944058114,0.7567102539464639,-0.21608195954065246,6.745686365738592e-11,6.286726441844399e-09
205540_s_at,0.3024760440744614,0.532721421358984,-0.23024537728452266,1.8142509234381067e-12,3.46439460425613e-10
205738_s_at,0.44387259080358626,0.672921546937391,-0.22904895613380477,5.30595484560008e-13,1.3668590187865904e-10
205787_x_at,0.8652989782060864,0.6649399832610927,0.20035899494499365,3.368516175556659e-12,5.609993424480392e-10
206013_s_at,0.46845123074074024,0.6961590516709771,-0.2277078209302369,5.042945852501135e-11,4.980296597516175e-09
206281_at,0.38671381979508923,0.6291081938774046,-0.24239437408231534,2.0759913478583318e-11,2.4225665700980144e-09
206375_s_at,0.4299894398636969,0.6510484184127728,-0.2210589785490759,1.2966565367313555e-09,6.630552756602015e-08
206456_at,0.5044248313800901,0.7251190853757955,-0.22069425399570541,6.673813938657288e-09,2.542437744420465e-07
206547_s_at,0.3830006301915558,0.6161632916051029,-0.23316266141354708,8.242453957130798e-11,7.415900131149659e-09
207026_s_at,0.4665057408724154,0.6792272405012493,-0.21272149962883385,2.7621973955595926e-11,3.0886128209641513e-09
207124_s_at,0.37009147147778554,0.6101481145924821,-0.24005664311469654,3.481715751552822e-11,3.699179354796795e-09
207232_s_at,0.4339143942501761,0.7131440112334476,-0.27922961698327153,4.135867997823531e-17,1.4117009935321032e-13
207791_s_at,0.3877942003762938,0.6341762760066706,-0.24638207563037678,1.0447969060324224e-10,9.042708942812787e-09
207826_s_at,0.6761840680151743,0.43524124044256296,0.24094282757261132,6.600274562811851e-10,3.8551956652282734e-08
207877_s_at,0.33148292795071516,0.593240780789369,-0.2617578528386539,1.330350350273509e-11,1.6857174867630432e-09
207949_s_at,0.433359151844011,0.6449312841167948,-0.21157213227278376,5.3581923118188955e-12,8.313265816061515e-10
208621_s_at,0.5370558157057039,0.32096952908713466,0.21608628661856927,3.5917891652498637e-10,2.3921753863633024e-08
208696_at,0.4957340079734361,0.7139124265143029,-0.21817841854086678,4.574458618135165e-10,2.8982007948052876e-08
208846_s_at,0.6192936267524969,0.8213597886708288,-0.20206616191833193,2.1586871274061874e-07,4.580123546582522e-06
208965_s_at,0.6708568288057787,0.4695082470369598,0.20134858176881887,7.226391319627232e-09,2.7142703517111556e-07
209279_s_at,0.3764770898185353,0.5809056795988962,-0.20442858978036088,9.611546855568947e-11,8.439154476257025e-09
209372_x_at,0.3942147425931159,0.6349354023382127,-0.24072065974509677,1.8537138800416842e-10,1.4198720354939201e-08
209382_at,0.4257385866941529,0.6431856613565968,-0.21744707466244395,1.7128824311141777e-13,6.154318961213065e-11
209421_at,0.39486676112088537,0.6049212154378243,-0.21005445431693892,8.130347603742177e-09,2.980017944182359e-07
209507_at,0.3687438386822227,0.601276947984833,-0.23253310930261029,2.509720661857029e-09,1.1327551612065945e-07
209902_at,0.5163765394154038,0.7250587414993369,-0.20868220208393307,7.495536695746666e-08,1.8661995842669107e-06
209953_s_at,0.3817345472253796,0.6467997345779887,-0.2650651873526091,3.8750889692737664e-14,2.0546624648441573e-11
210156_s_at,0.4735469280141558,0.6857971202218047,-0.2122501922076489,3.6628528933568656e-12,6.025282682677666e-10
210232_at,0.6301535317337599,0.8346634179927858,-0.20450988625902589,2.8705444639061305e-12,4.976795073247794e-10
210338_s_at,0.5964349855046635,0.8131350085594463,-0.21670002305478286,2.668405634015784e-08,8.02031094054335e-07
210425_x_at,0.5460019902645444,0.7922393316013554,-0.24623734133681097,1.9612026233546738e-14,1.2454320798752186e-11
210550_s_at,0.2901842747501153,0.5019580593513747,-0.2117737846012594,3.798920525522906e-09,1.5910310326716448e-07
210640_s_at,0.7697633911573454,0.5623508763049495,0.20741251485239587,1.5130185710205818e-12,2.993858087650255e-10
210736_x_at,0.6914587626194583,0.48396298250627,0.20749578011318826,1.0522495741901988e-13,4.25677822187032e-11
210781_x_at,0.4579772021790809,0.7147033598575045,-0.25672615767842366,6.225653657271732e-12,9.315112963961124e-10
210792_x_at,0.4085868467744739,0.6197218150380993,-0.21113496826362543,7.819806725210966e-11,7.1058752859225705e-09
211125_x_at,0.4876271464547217,0.7059060246159189,-0.21827887816119718,2.5497103257036577e-10,1.8343240188819378e-08
211297_s_at,0.5381709683141453,0.7718835037524429,-0.2337125354382975,6.3376025621725676e-12,9.379823542762343e-10
211370_s_at,0.4329715050603613,0.6604971992426398,-0.22752569418227853,2.0877154180890424e-11,2.4310533502792512e-09
211651_s_at,0.40905988980199426,0.6115814958480318,-0.20252160604603753,2.8994035465540453e-10,2.030896146927656e-08
212384_at,0.7403394389476473,0.49482940500704153,0.24551003394060578,1.311675974431453e-16,3.4111695234107115e-13
213456_at,0.4770550346463572,0.6978942518833374,-0.22083921723698025,2.0614921577607137e-08,6.5190660805898e-07
213693_s_at,0.6095341055732816,0.39994739755062086,0.20958670802266072,7.158631894606416e-13,1.6998015811310443e-10
213710_s_at,0.5876456861897135,0.8172774127309765,-0.22963172654126307,3.958987937453373e-15,4.289685876127287e-12
213787_s_at,0.40490104710280383,0.6181115716895771,-0.21321052458677325,5.1268357411619784e-11,5.0267842070391225e-09
213789_at,0.36615297730128654,0.5780848119935124,-0.21193183469222582,5.581358532177073e-09,2.1881890417644402e-07
213921_at,0.5154533785485996,0.830373701216358,-0.3149203226677584,5.4608052508228615e-17,1.6968315519049873e-13
214250_at,0.7684955714455441,0.5508812876315604,0.21761428381398373,2.0603458802632272e-10,1.5435071270070733e-08
214333_x_at,0.5411453449573791,0.7493532688603689,-0.2082079239029898,1.0003510057343573e-14,8.40494915018007e-12
214432_at,0.4999665732729563,0.723112347608473,-0.2231457743355167,6.9386877376123e-14,2.960488698548598e-11
214808_at,0.5582297302316099,0.34388049302665563,0.2143492372049543,1.6602756987355017e-10,1.299034910244154e-08
215020_at,0.26712232205304365,0.5409619026625458,-0.2738395806095022,3.4610891340932025e-13,9.99185368243192e-11
215021_s_at,0.5503536146165358,0.8077379055168359,-0.25738429090030013,8.333944393656051e-13,1.8964622995380907e-10
215066_at,0.6342424506248643,0.4338412861247867,0.2004011645000776,4.471261747392587e-10,2.846264364386858e-08
215161_at,0.49818763934015897,0.7645973339995652,-0.2664096946594062,5.931446055311351e-11,5.653299536103295e-09
215645_at,0.7426005321875186,0.5399066565817764,0.20269387560574226,8.336902122224754e-13,1.8964622995380907e-10
215714_s_at,0.44344574756726934,0.680463675306567,-0.2370179277392977,1.8831339577360428e-08,6.038966226297035e-07
216101_at,0.8381279611210889,0.6129960591521271,0.22513190196896182,2.412432647916501e-12,4.3055615751850936e-10
216602_s_at,0.27839088916145993,0.5106515319255148,-0.2322606427640549,2.6094463009763088e-11,2.956632589942306e-09
216804_s_at,0.5257878732116974,0.27264498555099703,0.25314288766070037,5.815902064135127e-13,1.4437448155845986e-10
216977_x_at,0.5077211175676206,0.7125207423530419,-0.20479962478542124,2.1628837784657748e-08,6.780802054727402e-07
217028_at,0.7997732569565119,0.5815471721680193,0.2182260847884926,2.1175309077195814e-12,3.8806951497748155e-10
217356_s_at,0.4167660335002502,0.62362480283608,-0.2068587693358298,2.4014297385052925e-06,3.451296902868146e-05
217482_at,0.7788271919020393,0.5620030042706659,0.21682418763137346,2.5987091991633927e-12,4.592987232812633e-10
217937_s_at,0.6539871208097829,0.4234460777991219,0.23054104301066103,5.592618595259329e-17,1.6968315519049873e-13
218405_at,0.34406693967674506,0.5502355560707368,-0.20616861639399175,1.950116511051641e-09,9.338249872973966e-08
218609_s_at,0.4196917581876428,0.6596618139178941,-0.23997005573025132,8.283908842016119e-14,3.453504683885697e-11
219203_at,0.5134879090075372,0.7169822392559273,-0.20349433024839014,3.038779945398865e-10,2.1114108035377636e-08
219408_at,0.4199149896909231,0.6451784055808595,-0.22526341588993637,1.616545337292891e-10,1.2776322793860586e-08
219896_at,0.5786580497713222,0.806262731343897,-0.22760468157257485,8.098319937495008e-13,1.866133108634662e-10
220260_at,0.3494313379004354,0.5653586281397636,-0.21592729023932816,7.627521687384976e-10,4.343710551753448e-08
220261_s_at,0.3366111419746852,0.5502562389749657,-0.21364509700028045,7.825241173093103e-09,2.8952223764070914e-07
220415_at,0.4784979599172404,0.6794038607707206,-0.20090590085348015,4.987829448551849e-10,3.1167085775029986e-08
220615_s_at,0.6112674674422286,0.8133439909446706,-0.20207652350244198,3.9051716817053875e-12,6.366362419491831e-10
220690_s_at,0.3817799524613565,0.6655845674046855,-0.28380461494332904,1.4511697362894434e-13,5.391342367889481e-11
220744_s_at,0.5431206627629459,0.7447106690783184,-0.2015900063153725,1.1397507034374069e-09,5.99087633944438e-08
221449_s_at,0.5045945746407241,0.7523004401197124,-0.24770586547898832,4.743429843080044e-12,7.552563674056281e-10
221531_at,0.41602999755430803,0.6453632291426686,-0.2293332315883606,2.2149723952745927e-10,1.6302734154060826e-08
221772_s_at,0.4910417819065319,0.7412264232417668,-0.2501846413352349,1.805986216697112e-14,1.2052265763477468e-11
221777_at,0.4687216614899217,0.6760210745388453,-0.20729941304892358,1.6420654434491668e-10,1.2921919317448032e-08
221884_at,0.6919840988019543,0.4755279367971065,0.21645616200484785,9.401864191445872e-09,3.3822067836195713e-07
222308_x_at,0.652344929776414,0.44920114264007766,0.20314378713633635,3.1664357920591946e-10,2.1697435120668607e-08
222351_at,0.6944851165837247,0.4814540363869268,0.2130310801967979,1.6651486042481277e-08,5.453741972062643e-07
50221_at,0.7834738459396776,0.5504032573613875,0.2330705885782901,4.68880493099232e-15,4.572673280290778e-12
222425_s_at,0.45394622025898884,0.6833435121618117,-0.22939729190282282,9.098071679226129e-14,3.7358871324629825e-11
222474_s_at,0.40815660665057446,0.6111297874703869,-0.20297318081981247,7.82602228201118e-12,1.0987212207904283e-09
222614_at,0.2973754701137672,0.5488841825109385,-0.2515087123971713,1.341049395440553e-12,2.732788456462497e-10
223156_at,0.5785826952785992,0.7847189895062266,-0.20613629422762747,2.1578383722739468e-10,1.5989962961329317e-08
223219_s_at,0.37927253243077014,0.5946895426108929,-0.21541701018012277,1.0862590054663202e-13,4.267903817664183e-11
223229_at,0.38335487774844473,0.5837838764617564,-0.2004289987133117,1.1150743894943779e-09,5.912384236257909e-08
223708_at,0.40437657763107426,0.6861212991346072,-0.2817447215035329,1.941789169681143e-11,2.310390673721051e-09
223786_at,0.4270378463890948,0.22471929575637425,0.20231855063272056,7.523499798319887e-08,1.8701906895113518e-06
224163_s_at,0.49890265566503805,0.6994802259135018,-0.20057757024846373,3.0080931598711274e-08,8.837062492740284e-07
224368_s_at,0.3998913129902775,0.6067861279687007,-0.20689481497842316,2.2565184999062827e-08,7.005983219748824e-07
224414_s_at,0.5336177745579703,0.3328632646582656,0.20075450989970473,7.319606369937587e-11,6.707141991298682e-09
224509_s_at,0.47025244042933634,0.7234362896987452,-0.25318384926940884,4.637160551928474e-12,7.426664200072427e-10
225239_at,0.9683168028805397,0.7270476694334842,0.24126913344705547,2.74900210700629e-18,1.8766406508741818e-14
227062_at,0.9463716343551332,0.7227876779770808,0.2235839563780524,2.5214917771496698e-18,1.8766406508741818e-14
227123_at,0.46815554632963324,0.6739580342543707,-0.2058024879247375,4.3508765303335846e-11,4.424849533540187e-09
227697_at,0.6664203415218231,0.45783981228386017,0.2085805292379629,3.8064003739733106e-07,7.354348687340252e-06
227944_at,0.4735474991653405,0.7151588412249728,-0.24161134205963225,2.1683365597904862e-17,8.992509672246621e-14
229015_at,0.4548678178919647,0.6945608292047601,-0.23969301131279547,1.2227130672726533e-13,4.702537235419818e-11
229218_at,0.5243774691659321,0.30698216491448954,0.21739530425144254,7.966763496974301e-09,2.9279196154795253e-07
229259_at,0.5929338089162961,0.3873889557825634,0.20554485313373272,6.328043257702637e-09,2.426920129444621e-07
229289_at,0.28921403384012206,0.5081141805701521,-0.21890014673003005,1.360596640453499e-10,1.1214474498526864e-08
229676_at,0.43351790175706817,0.6971659711279795,-0.26364806937091134,1.455796200318944e-14,1.0891150395618971e-11
229917_at,0.45358707670543713,0.6602865284745048,-0.20669945176906762,1.0499428287737258e-11,1.39854945628828e-09
230237_at,0.29573950198407234,0.585542945310482,-0.28980344332640967,1.513377288588251e-13,5.546984822930883e-11
230255_at,0.5888028342293424,0.7928666852243246,-0.20406385099498214,5.610121592011769e-06,7.061202362400063e-05
230392_at,0.7412121343086081,0.4511651216235968,0.2900470126850113,1.6886803011563595e-16,3.5978750632721714e-13
230656_s_at,0.549644995014201,0.7917112570281735,-0.2420662620139724,3.1432111877558655e-14,1.765376285431679e-11
231042_s_at,0.44155982005980826,0.6663856349552059,-0.2248258148953976,5.054120046268736e-09,2.0236118628069976e-07
231577_s_at,0.6272545234015613,0.41238209080954374,0.21487243259201755,1.591646151574625e-10,1.2634385359875725e-08
232311_at,0.5171819393062375,0.29218923334694363,0.22499270595929383,3.2438661255108987e-13,9.552759357408726e-11
232541_at,0.7656043210870292,0.5100841567192018,0.25552016436782743,1.1817885834917473e-14,9.220145701462113e-12
232614_at,0.7769288042951291,0.5502323468048284,0.22669645749030076,6.818082308195491e-13,1.6260084240064645e-10
232795_at,0.8296296578641671,0.6095116491933916,0.22011800867077547,3.807863738140146e-18,2.3106540259005306e-14
232925_at,0.5477381916408036,0.3368835449031078,0.21085464673769583,1.3745814997421257e-09,6.944497636023748e-08
233044_at,0.5736267593300055,0.3674221407372281,0.2062046185927774,2.829800602158842e-09,1.249344383877937e-07
233180_at,0.5222577558467821,0.3117837241042088,0.21047403174257334,4.855379024329839e-10,3.051401779697647e-08
233216_at,0.701739298066261,0.4995240619667844,0.20221523609947661,1.1664403289136502e-09,6.113513021397425e-08
233265_at,0.6848551343407402,0.4846288596674522,0.20022627467328796,1.1292642304368255e-09,5.947204186773997e-08
233700_at,0.6843866517395474,0.471776274126699,0.2126103776128484,5.48152661456523e-10,3.345946184329601e-08
234086_at,0.5779761856441441,0.3551641405757962,0.2228120450683479,8.88321721487716e-12,1.2189425672263476e-09
234163_at,0.8887336103700465,0.6834000009422926,0.20533360942775392,3.3049027730018206e-11,3.5599734742001663e-09
234258_at,0.5769522996070904,0.3584893260111736,0.21846297359591677,2.6361015916785736e-10,1.8769936926511334e-08
234563_at,0.6686226839711978,0.4023016304920248,0.26632105347917306,5.957620625102531e-14,2.7066639578910638e-11
235213_at,0.84987544407054,0.5610882461572391,0.288787197913301,2.6973954420182024e-19,4.910428575831336e-15
235567_at,0.7981628681301699,0.5886960914457007,0.20946677668446922,1.9449000251244737e-10,1.4752336815572621e-08
235743_at,0.706440735073079,0.5013852806417898,0.20505545443128925,1.0053010171977674e-08,3.572056242825092e-07
235852_at,0.601454338171118,0.3987734209530738,0.20268091721804427,1.595612658481221e-08,5.246309097991266e-07
236216_at,0.5804297808198787,0.37825400917209184,0.20217577164778688,3.9869376590588085e-09,1.6532925313149485e-07
236338_at,0.8489437012368405,0.6059951102891002,0.24294859094774024,4.3896533794608363e-14,2.140465535825845e-11
236439_at,0.8215188698777001,0.49145502536776303,0.33006384450993703,9.293781834509173e-20,3.920989445147109e-15
236617_at,0.8332011547774462,0.5761073092701025,0.2570938455073437,7.211824395531306e-14,3.0531733776213274e-11
236645_at,0.6095527284788783,0.3639786065689283,0.24557412190995004,2.638616116511154e-14,1.549491849150792e-11
236934_at,0.7446361446459596,0.532036484194036,0.21259966045192358,7.466356938505883e-09,2.790966129244502e-07
236949_at,0.8232263794509845,0.5921622527623067,0.23106412668867782,4.9737812561708225e-12,7.873423644732091e-10
237782_at,0.7503975907687872,0.4899607424182956,0.2604368483504916,5.468840922025145e-16,8.533423122130264e-13
237790_at,0.4673342397224325,0.6953829491646613,-0.22804870944222877,4.870060890861637e-11,4.844601738299209e-09
237832_at,0.5450610736483924,0.7694754552911371,-0.22441438164274474,9.1253631849286e-10,4.998630487648001e-08
238017_at,0.47054479291211787,0.701749547034292,-0.23120475412217417,1.888295316464937e-14,1.2190151473879944e-11
238558_at,0.8749701547203166,0.6415510006077818,0.23341915411253478,2.602313966991397e-16,4.584521699332296e-13
238567_at,0.3418709998709915,0.5897151511225556,-0.24784415125156406,4.681699002618626e-12,7.476070983333656e-10
239166_at,0.714181308570557,0.5111470745304135,0.20303423404014342,2.799946226497992e-09,1.2392352039490542e-07
239179_at,0.8910980881065507,0.660316659588295,0.23078142851825567,4.686035527349234e-15,4.572673280290778e-12
239301_at,0.6655509103624236,0.46166100034236934,0.2038899100200543,5.700411422570655e-10,3.466776937871394e-08
239497_at,0.726258417592739,0.5210869534310067,0.20517146416173226,3.1837075784569774e-12,5.366414258712065e-10
239629_at,0.8307378405608977,0.5555690262662284,0.27516881429466933,2.9784550486075457e-15,3.460901395097955e-12
239649_at,0.5985479805195616,0.3749961355663477,0.2235518449532139,1.898843737940148e-12,3.555416585377363e-10
239826_at,0.7508507037613923,0.5036747355806023,0.24717596818079002,1.661081844503102e-13,6.007726011513106e-11
240005_at,0.49841064407733193,0.7264215482331633,-0.22801090415583136,3.9991095696604945e-15,4.289685876127287e-12
240156_at,0.6506017623469917,0.4427172439950895,0.20788451835190225,1.120294013508718e-12,2.389945974990298e-10
240230_s_at,0.590708828561301,0.3827120188447053,0.20799680971659573,5.359077941234575e-11,5.20774597161288e-09
240392_at,0.6798994643048927,0.45138079276412263,0.22851867154077005,9.174027782156653e-11,8.094398256586469e-09
240971_x_at,0.7315940228600543,0.4817795894684509,0.24981443339160336,9.999641888628222e-13,2.1757388145962272e-10
241316_at,0.5717513592315951,0.36036371121865046,0.21138764801294468,9.018542475642667e-11,7.982652515758071e-09
241320_at,0.48292989589998464,0.27571511915471497,0.20721477674526967,2.79716140141469e-08,8.306763219981536e-07
241457_at,0.7177335527062868,0.5108962524322938,0.20683730027399305,4.2882243343602776e-10,2.7682363542838987e-08
241762_at,0.8915137014549156,0.6339171258929878,0.25759657556192783,1.629289670623465e-14,1.1565116276999595e-11
241851_x_at,0.7629692886893545,0.5524509109324145,0.21051837775694004,1.459058305026804e-10,1.1770096190905294e-08
241897_at,0.4407946049948641,0.19710723451611792,0.2436873704787462,6.705219592247604e-11,6.259695001562708e-09
241987_x_at,0.5598320030956135,0.33906863737925497,0.22076336571635857,5.987051545032e-09,2.3140187263187023e-07
242265_at,0.5501295885322447,0.3414541183046739,0.20867547022757077,2.9907696378511977e-10,2.0860140770366216e-08
242319_at,0.7649525840316219,0.557810856308334,0.20714172772328787,9.225802247789648e-12,1.2603774199283666e-09
242372_s_at,0.5441121857655058,0.7845497620239138,-0.240437576258408,5.1843735042963835e-11,5.055967681966757e-09
242645_at,0.645457366118195,0.4349693792446091,0.21048798687358594,1.3189835486206662e-10,1.0964025653092913e-08
242700_at,0.4440841289337052,0.23714355806934836,0.20694057086435683,3.6889531092472828e-09,1.554512316013286e-07
242742_at,0.597764499516765,0.37826783030250793,0.2194966692142571,8.37677954950573e-12,1.1670435243294806e-09
242801_at,0.7792668495994658,0.5221880294743239,0.25707882012514194,2.25028557440329e-16,4.237753312927133e-13
242849_at,0.6269167594112017,0.4012464833176287,0.22567027609357304,6.703430208807714e-13,1.6198868760779453e-10
242922_at,0.631237467158112,0.41108029096007526,0.22015717619803676,2.358894643114098e-11,2.706435150092232e-09
243121_x_at,0.6718348726886981,0.4657122287574177,0.20612264393128044,2.980266204162517e-13,9.092808838431707e-11
243127_x_at,0.6481098846956723,0.44609953003052033,0.202010354665152,1.1046524277146978e-14,8.87182103452688e-12
243203_at,0.5974387974669019,0.37815520265843805,0.21928359480846382,1.6235588659403435e-12,3.155424211587188e-10
243341_at,0.4906217783620875,0.24787449761714955,0.24274728074493793,3.738951751498901e-11,3.896858244362777e-09
243431_at,0.6415927904471961,0.3926159164519108,0.24897687399528529,1.9391219889056378e-13,6.702611973424279e-11
243469_at,0.5867566391079092,0.352595274993198,0.23416136411471122,1.1605411918885999e-11,1.5126643463630574e-09
243473_at,0.6829850326209614,0.46334671002511135,0.2196383225958501,1.873028361060084e-13,6.557160120677844e-11
243593_s_at,0.6916199310112416,0.4565167791650716,0.23510315184617003,2.1462582971015923e-15,2.604746763991317e-12
243648_at,0.7960249020585471,0.5928010692606396,0.20322383279790757,3.9941131486359156e-14,2.0974086671774352e-11
243704_at,0.44262536093394805,0.6508565197989243,-0.20823115886497628,5.539225238003268e-14,2.5636754908734955e-11
243887_at,0.4241280974582763,0.6483461423047248,-0.22421804484644847,1.984702807159643e-14,1.2458686713495354e-11
243915_at,0.8395689749207254,0.6350857867165538,0.20448318820417155,3.035166371338828e-12,5.163848630465029e-10
243988_at,0.7298795040984427,0.5192111371523591,0.2106683669460836,2.40750697462546e-12,4.3055615751850936e-10
244027_at,0.6295145776471406,0.42699520595556717,0.2025193716915734,3.124191261304961e-10,2.1488848533205016e-08
244045_at,0.6347736682154889,0.4181797818413577,0.21659388637413118,2.3057542058403176e-11,2.66224427999064e-09
244308_at,0.5381835581850384,0.32792698351521143,0.21025657466982695,2.539586699219507e-11,2.8954999666904994e-09
244350_at,0.5473085276828763,0.31861725845197625,0.22869126923090005,4.554924645400345e-12,7.337997040095842e-10
244473_at,0.6236570889601742,0.3913167466393445,0.23234034232082973,5.019032326112331e-11,4.965659645398056e-09
244753_at,0.8887742998923821,0.6840623230802388,0.20471197681214326,2.1501008907079722e-14,1.3047051104914942e-11
244868_at,0.6237573704426808,0.4159549622669476,0.20780240817573314,1.6466137389105849e-10,1.2939067068075362e-08
1552302_at,0.517535579462734,0.2679196976588302,0.24961588180390376,1.043309935781763e-13,4.252110859914136e-11
1552506_at,0.5349221334122303,0.33474045218522464,0.20018168122700564,2.8019274339700754e-10,1.969390771575389e-08
1552507_at,0.5592152588940004,0.2958914473778429,0.26332381151615747,4.1001747064141084e-14,2.1044072010034135e-11
1553313_s_at,0.7037810002320102,0.46452871626964765,0.23925228396236253,3.6218870182773735e-13,1.0195985346865062e-10
1553357_at,0.4858151661518311,0.6951110977040428,-0.20929593155221166,8.639659702560191e-10,4.819588716403675e-08
1553909_x_at,0.7704264592587999,0.5680321065179444,0.2023943527408555,3.700372454379113e-10,2.438395465777611e-08
1554096_a_at,0.6419792690528274,0.3719143693542353,0.27006489969859215,6.821000437623857e-14,2.960488698548598e-11
1554473_at,0.5637204972775975,0.33991415687637666,0.22380634040122088,1.2509394675125871e-11,1.6074719326885863e-09
1554500_a_at,0.40569834283460854,0.6242352512366844,-0.2185369084020759,5.806889402208433e-16,8.614888672441504e-13
1554565_x_at,0.6499762390305328,0.41224363976280515,0.23773259926772766,1.26012215069218e-10,1.0636638487751472e-08
1554593_s_at,0.5180636976021115,0.744480624931416,-0.22641692732930452,1.8351339903067497e-11,2.207536841687721e-09
1554963_at,0.7878718025478114,0.5802182633276041,0.20765353922020735,2.5777548193119765e-14,1.5302056950770107e-11
1555318_at,0.6920860893890871,0.4120786029588413,0.2800074864302458,2.1058929366503263e-18,1.8766406508741818e-14
1555862_s_at,0.636122968395823,0.4102996580229204,0.22582331037290265,3.867652210835017e-11,4.000456253604788e-09
1555882_at,0.34755921602853873,0.5650526269859869,-0.21749341095744817,8.662717438442476e-10,4.827520280261826e-08
1556314_a_at,0.6654537146489907,0.42564916497916055,0.23980454966983017,3.870784966828513e-10,2.534714381215894e-08
1556366_s_at,0.5139612328870674,0.7150023439694274,-0.20104111108236,2.089017397985861e-09,9.864756716955634e-08
1556499_s_at,0.44504966518951156,0.22665734465319268,0.21839232053631888,5.717313944838902e-08,1.492541426718389e-06
1556590_s_at,0.5958723782529196,0.33805155604368703,0.2578208222092326,7.457082105743039e-12,1.0633253917518135e-09
1557780_at,0.7718469557740082,0.5676048559125808,0.20424209986142738,1.0510234815307121e-08,3.7127778393814217e-07
1558569_at,0.5968533394089063,0.3484319279130975,0.24842141149580876,1.0815092969851702e-11,1.4309197070751617e-09
1558695_at,0.8791095559374098,0.6772391938725963,0.20187036206481346,1.0197574301887201e-11,1.3616628981637303e-09
1558831_x_at,0.7782227024199829,0.5756030728037942,0.20261962961618873,7.235813953838039e-12,1.0371903082964746e-09
1559044_at,0.6157585827921865,0.41143882737238097,0.20431975541980557,4.000434188720215e-10,2.6009013374830607e-08
1559375_s_at,0.7710549616614423,0.4488217602955518,0.32223320136589045,7.008252990575442e-18,3.827417205742966e-14
1559391_s_at,0.8581426957808688,0.648511077082066,0.20963161869880276,2.438348893227989e-12,4.3241761425584104e-10
1559402_a_at,0.8433091667157184,0.566406143132813,0.2769030235829054,1.9994601917145397e-16,4.0443155351891166e-13
1559650_at,0.3527730126700762,0.6081046978636585,-0.2553316851935823,1.379594188995124e-12,2.7787012743490403e-10
1560763_at,0.7296396017245999,0.48344686048666313,0.24619274123793672,1.6162494278334364e-11,1.9805493109943726e-09
1560926_at,0.7590600820554116,0.5552149219452674,0.2038451601101442,2.9057208344907e-07,5.844940402727094e-06
1561158_at,0.6154728485125556,0.3998919818774146,0.21558086663514098,2.2530443023642324e-10,1.6538374796373365e-08
1561362_at,0.5688826064319784,0.3589865829469513,0.20989602348502712,3.1318145385429887e-12,5.295287535400874e-10
1562110_at,0.4600679080886257,0.2586402785303226,0.20142762955830307,4.157196034126313e-11,4.259442657079587e-09
1562201_x_at,0.5919396772245274,0.34706933668822143,0.24487034053630602,7.510158671460154e-10,4.299290309480644e-08
1566079_at,0.8173833115816087,0.6046094367196934,0.21277387486191535,5.410779617344184e-14,2.5474043727760164e-11
1566848_x_at,0.7048453680001535,0.5038782728803829,0.20096709511977062,1.8553991243393808e-11,2.2221252714374255e-09
1568603_at,0.44951018121120356,0.7284156471171389,-0.27890546590593535,2.028949469420569e-13,6.861033477502809e-11
1569854_at,0.6462924839274966,0.3684130464771373,0.2778794374503593,1.7297095762755165e-14,1.2052265763477468e-11
