Gene,Mean_AD,Mean_Normal,log2FoldChange,p_value,adj_p_value,probe_id,gene_symbol,gene_title
200883_at,0.6081494822469199,0.8214164290813426,-0.2132669468344227,1.5839053211008544e-12,3.0893507607600337e-10,200883_at,UQCRC2,ubiquinol-cytochrome c reductase core protein II
200950_at,0.5394041742762179,0.7739318585413139,-0.2345276842650959,5.808727116020815e-10,3.4975966260997226e-08,200950_at,ARPC1A,"actin related protein 2/3 complex, subunit 1A, 41kDa"
201206_s_at,0.5461362059957691,0.3438482082582332,0.2022879977375358,4.443999014339768e-10,2.838597873334944e-08,201206_s_at,RRBP1,ribosome binding protein 1
201523_x_at,0.3698909644940871,0.5717312878029496,-0.2018403233088624,4.912070621693121e-09,1.978340065357864e-07,201523_x_at,UBE2N,ubiquitin-conjugating enzyme E2N
201532_at,0.5586129342416886,0.7596970975240934,-0.2010841632824048,5.5089377391012003e-08,1.4499258638338982e-06,201532_at,PSMA3,"proteasome (prosome, macropain) subunit, alpha type, 3"
201825_s_at,0.5337206268107842,0.7358235192364686,-0.2021028924256843,3.04036060414776e-11,3.3275193121106524e-09,201825_s_at,SCCPDH,saccharopine dehydrogenase (putative)
201971_s_at,0.2204788000720688,0.4465463565977055,-0.2260675565256366,4.161572843615416e-14,2.104407201003413e-11,201971_s_at,ATP6V1A,"ATPase, H+ transporting, lysosomal 70kDa, V1 subunit A"
202257_s_at,0.4174971568759665,0.6676467387213858,-0.2501495818454193,6.897312972390985e-14,2.9604886985485976e-11,202257_s_at,CD2BP2,CD2 (cytoplasmic tail) binding protein 2
202675_at,0.5528339668041108,0.7567453685119403,-0.2039114017078295,4.5075619514725963e-13,1.195007188620257e-10,202675_at,SDHB,"succinate dehydrogenase complex, subunit B, iron sulfur (Ip)"
202785_at,0.5227882743778991,0.7805248370479573,-0.2577365626700582,2.0107286259417564e-14,1.2478627550972402e-11,202785_at,NDUFA7,"NADH dehydrogenase (ubiquinone) 1 alpha subcomplex, 7, 14.5kDa"
203114_at,0.2365670966421969,0.4517716083112047,-0.2152045116690078,6.748856996653888e-09,2.563110759097767e-07,203114_at,SSSCA1,Sjogren syndrome/scleroderma autoantigen 1
203466_at,0.5097299152005034,0.7207196270612152,-0.2109897118607118,7.077276621937994e-12,1.0264516911879058e-09,203466_at,MPV17,MpV17 mitochondrial inner membrane protein
203720_s_at,0.4832909568324829,0.6971344823728083,-0.2138435255403253,4.3613196599168987e-10,2.7988807354528983e-08,203720_s_at,ERCC1,excision repair cross-complementation group 1
203813_s_at,0.3525204962492019,0.5526151346911817,-0.2000946384419797,1.1204330162736815e-08,3.912417411621137e-07,203813_s_at,SLIT3,slit homolog 3 (Drosophila)
203816_at,0.4094932915892742,0.6685433022476753,-0.2590500106584011,1.4774800912771558e-12,2.934168008178884e-10,203816_at,DGUOK,deoxyguanosine kinase
203861_s_at,0.4763690951077047,0.7119306732589235,-0.2355615781512187,2.1589517105256945e-08,6.772362421995392e-07,203861_s_at,ACTN2,"actinin, alpha 2"
203997_at,0.4178189037730779,0.6181953670492044,-0.2003764632761265,8.832217776859071e-10,4.8831135042659956e-08,203997_at,PTPN3,"protein tyrosine phosphatase, non-receptor type 3"
204014_at,0.3957712978158065,0.620818518134708,-0.2250472203189014,2.4410670505515735e-08,7.45187226561057e-07,204014_at,DUSP4,dual specificity phosphatase 4
204324_s_at,0.8351386896766715,0.6341300887885246,0.2010086008881468,8.440503708026334e-13,1.8969597901499675e-10,204324_s_at,GOLIM4,golgi integral membrane protein 4
204338_s_at,0.3465400088881441,0.6387684312969941,-0.29222842240885,1.3232559835837807e-11,1.6806274193363026e-09,204338_s_at,RGS4,regulator of G-protein signaling 4
204548_at,0.4100408234249106,0.6131471100043611,-0.2031062865794504,5.6602987083987695e-11,5.461588221939612e-09,204548_at,STAR,steroidogenic acute regulatory protein
205279_s_at,0.5406282944058114,0.7567102539464639,-0.2160819595406524,6.745686365738592e-11,6.2867264418443995e-09,205279_s_at,GLRB,"glycine receptor, beta"
205540_s_at,0.3024760440744614,0.532721421358984,-0.2302453772845226,1.814250923438107e-12,3.46439460425613e-10,205540_s_at,RRAGB,Ras-related GTP binding B
205738_s_at,0.4438725908035862,0.672921546937391,-0.2290489561338047,5.30595484560008e-13,1.3668590187865904e-10,205738_s_at,FABP3,"fatty acid binding protein 3, muscle and heart (mammary-derived growth inhibitor)"
205787_x_at,0.8652989782060864,0.6649399832610927,0.2003589949449936,3.368516175556659e-12,5.609993424480391e-10,205787_x_at,LOC441155 /// ZC3H11A,zinc finger CCCH-type domain-containing-like /// zinc finger CCCH-type containing 11A
206013_s_at,0.4684512307407402,0.6961590516709771,-0.2277078209302369,5.0429458525011345e-11,4.980296597516175e-09,206013_s_at,ACTL6B,actin-like 6B
206281_at,0.3867138197950892,0.6291081938774046,-0.2423943740823153,2.075991347858332e-11,2.4225665700980144e-09,206281_at,ADCYAP1,adenylate cyclase activating polypeptide 1 (pituitary)
206375_s_at,0.4299894398636969,0.6510484184127728,-0.2210589785490759,1.2966565367313555e-09,6.630552756602016e-08,206375_s_at,HSPB3,heat shock 27kDa protein 3
206456_at,0.5044248313800901,0.7251190853757955,-0.2206942539957054,6.6738139386572885e-09,2.542437744420465e-07,206456_at,GABRA5,"gamma-aminobutyric acid (GABA) A receptor, alpha 5"
206547_s_at,0.3830006301915558,0.6161632916051029,-0.233162661413547,8.242453957130798e-11,7.4159001311496594e-09,206547_s_at,PPEF1,"protein phosphatase, EF-hand calcium binding domain 1"
207026_s_at,0.4665057408724154,0.6792272405012493,-0.2127214996288338,2.7621973955595926e-11,3.0886128209641513e-09,207026_s_at,ATP2B3,"ATPase, Ca++ transporting, plasma membrane 3"
207124_s_at,0.3700914714777855,0.6101481145924821,-0.2400566431146965,3.4817157515528215e-11,3.699179354796795e-09,207124_s_at,GNB5,"guanine nucleotide binding protein (G protein), beta 5"
207232_s_at,0.4339143942501761,0.7131440112334476,-0.2792296169832715,4.135867997823531e-17,1.4117009935321034e-13,207232_s_at,DZIP3,DAZ interacting zinc finger protein 3
207791_s_at,0.3877942003762938,0.6341762760066706,-0.2463820756303767,1.0447969060324223e-10,9.042708942812787e-09,207791_s_at,RAB1A,"RAB1A, member RAS oncogene family"
207826_s_at,0.6761840680151743,0.4352412404425629,0.2409428275726113,6.600274562811851e-10,3.8551956652282734e-08,207826_s_at,ID3,"inhibitor of DNA binding 3, dominant negative helix-loop-helix protein"
207877_s_at,0.3314829279507151,0.593240780789369,-0.2617578528386539,1.3303503502735089e-11,1.685717486763043e-09,207877_s_at,NVL,nuclear VCP-like
207949_s_at,0.433359151844011,0.6449312841167948,-0.2115721322727837,5.358192311818896e-12,8.313265816061514e-10,207949_s_at,ICA1,"islet cell autoantigen 1, 69kDa"
208621_s_at,0.5370558157057039,0.3209695290871346,0.2160862866185692,3.5917891652498637e-10,2.3921753863633024e-08,208621_s_at,EZR,ezrin
208696_at,0.4957340079734361,0.7139124265143029,-0.2181784185408667,4.574458618135165e-10,2.898200794805288e-08,208696_at,CCT5,"chaperonin containing TCP1, subunit 5 (epsilon)"
208846_s_at,0.6192936267524969,0.8213597886708288,-0.2020661619183319,2.1586871274061877e-07,4.580123546582522e-06,208846_s_at,VDAC3,voltage-dependent anion channel 3
208965_s_at,0.6708568288057787,0.4695082470369598,0.2013485817688188,7.226391319627232e-09,2.714270351711156e-07,208965_s_at,IFI16,"interferon, gamma-inducible protein 16"
209279_s_at,0.3764770898185353,0.5809056795988962,-0.2044285897803608,9.611546855568947e-11,8.439154476257025e-09,209279_s_at,NSDHL,NAD(P) dependent steroid dehydrogenase-like
209372_x_at,0.3942147425931159,0.6349354023382127,-0.2407206597450967,1.853713880041684e-10,1.4198720354939201e-08,209372_x_at,TUBB2A /// TUBB2B,"tubulin, beta 2A class IIa /// tubulin, beta 2B class IIb"
209382_at,0.4257385866941529,0.6431856613565968,-0.2174470746624439,1.7128824311141777e-13,6.154318961213065e-11,209382_at,POLR3C,polymerase (RNA) III (DNA directed) polypeptide C (62kD)
209421_at,0.3948667611208853,0.6049212154378243,-0.2100544543169389,8.130347603742177e-09,2.980017944182359e-07,209421_at,MSH2,mutS homolog 2
209507_at,0.3687438386822227,0.601276947984833,-0.2325331093026102,2.509720661857029e-09,1.1327551612065945e-07,209507_at,RPA3,"replication protein A3, 14kDa"
209902_at,0.5163765394154038,0.7250587414993369,-0.208682202083933,7.495536695746667e-08,1.8661995842669109e-06,209902_at,ATR,ATR serine/threonine kinase
209953_s_at,0.3817345472253796,0.6467997345779887,-0.2650651873526091,3.8750889692737664e-14,2.054662464844157e-11,209953_s_at,CDC37,cell division cycle 37
210156_s_at,0.4735469280141558,0.6857971202218047,-0.2122501922076489,3.6628528933568656e-12,6.025282682677666e-10,210156_s_at,PCMT1,protein-L-isoaspartate (D-aspartate) O-methyltransferase
210232_at,0.6301535317337599,0.8346634179927858,-0.2045098862590258,2.8705444639061305e-12,4.976795073247794e-10,210232_at,CDC42,cell division cycle 42
210338_s_at,0.5964349855046635,0.8131350085594463,-0.2167000230547828,2.668405634015784e-08,8.02031094054335e-07,210338_s_at,HSPA8 /// SNORD14C /// SNORD14D,"heat shock 70kDa protein 8 /// small nucleolar RNA, C/D box 14C /// small nucleolar RNA, C/D box 14D"
210425_x_at,0.5460019902645444,0.7922393316013554,-0.2462373413368109,1.9612026233546735e-14,1.2454320798752186e-11,210425_x_at,GOLGA8A /// GOLGA8B /// LOC101930583,"golgin A8 family, member A /// golgin A8 family, member B /// uncharacterized LOC101930583"
210550_s_at,0.2901842747501153,0.5019580593513747,-0.2117737846012594,3.798920525522906e-09,1.5910310326716448e-07,210550_s_at,RASGRF1,Ras protein-specific guanine nucleotide-releasing factor 1
210640_s_at,0.7697633911573454,0.5623508763049495,0.2074125148523958,1.5130185710205818e-12,2.993858087650255e-10,210640_s_at,GPER1,G protein-coupled estrogen receptor 1
210736_x_at,0.6914587626194583,0.48396298250627,0.2074957801131882,1.0522495741901989e-13,4.2567782218703194e-11,210736_x_at,DTNA,"dystrobrevin, alpha"
210781_x_at,0.4579772021790809,0.7147033598575045,-0.2567261576784236,6.225653657271732e-12,9.315112963961122e-10,210781_x_at,GRIN1,"glutamate receptor, ionotropic, N-methyl D-aspartate 1"
210792_x_at,0.4085868467744739,0.6197218150380993,-0.2111349682636254,7.819806725210966e-11,7.10587528592257e-09,210792_x_at,SIVA1,"SIVA1, apoptosis-inducing factor"
211125_x_at,0.4876271464547217,0.7059060246159189,-0.2182788781611971,2.5497103257036577e-10,1.8343240188819375e-08,211125_x_at,GRIN1,"glutamate receptor, ionotropic, N-methyl D-aspartate 1"
211297_s_at,0.5381709683141453,0.7718835037524429,-0.2337125354382975,6.337602562172568e-12,9.379823542762343e-10,211297_s_at,CDK7,cyclin-dependent kinase 7
211370_s_at,0.4329715050603613,0.6604971992426398,-0.2275256941822785,2.0877154180890424e-11,2.431053350279251e-09,211370_s_at,MAP2K5,mitogen-activated protein kinase kinase 5
211651_s_at,0.4090598898019942,0.6115814958480318,-0.2025216060460375,2.8994035465540453e-10,2.0308961469276563e-08,211651_s_at,LAMB1,"laminin, beta 1"
212384_at,0.7403394389476473,0.4948294050070415,0.2455100339406057,1.311675974431453e-16,3.411169523410712e-13,212384_at,ATP6V1G2-DDX39B /// DDX39B /// SNORD84,"ATP6V1G2-DDX39B readthrough (NMD candidate) /// DEAD (Asp-Glu-Ala-Asp) box polypeptide 39B /// small nucleolar RNA, C/D box 84"
213456_at,0.4770550346463572,0.6978942518833374,-0.2208392172369802,2.0614921577607137e-08,6.5190660805898e-07,213456_at,SOSTDC1,sclerostin domain containing 1
213693_s_at,0.6095341055732816,0.3999473975506208,0.2095867080226607,7.158631894606417e-13,1.6998015811310443e-10,213693_s_at,MUC1,"mucin 1, cell surface associated"
213710_s_at,0.5876456861897135,0.8172774127309765,-0.229631726541263,3.958987937453373e-15,4.289685876127287e-12,213710_s_at,CALM1,"calmodulin 1 (phosphorylase kinase, delta)"
213787_s_at,0.4049010471028038,0.6181115716895771,-0.2132105245867732,5.126835741161978e-11,5.026784207039122e-09,213787_s_at,EBP,emopamil binding protein (sterol isomerase)
213789_at,0.3661529773012865,0.5780848119935124,-0.2119318346922258,5.581358532177073e-09,2.1881890417644402e-07,213789_at,EBP,emopamil binding protein (sterol isomerase)
213921_at,0.5154533785485996,0.830373701216358,-0.3149203226677584,5.460805250822862e-17,1.6968315519049873e-13,213921_at,SST,somatostatin
214250_at,0.7684955714455441,0.5508812876315604,0.2176142838139837,2.0603458802632272e-10,1.5435071270070733e-08,214250_at,NUMA1,nuclear mitotic apparatus protein 1
214333_x_at,0.5411453449573791,0.7493532688603689,-0.2082079239029898,1.0003510057343572e-14,8.404949150180069e-12,214333_x_at,IDH3G,isocitrate dehydrogenase 3 (NAD+) gamma
214432_at,0.4999665732729563,0.723112347608473,-0.2231457743355167,6.938687737612299e-14,2.9604886985485976e-11,214432_at,ATP1A3 /// LOC101927137,"ATPase, Na+/K+ transporting, alpha 3 polypeptide /// uncharacterized LOC101927137"
214808_at,0.5582297302316099,0.3438804930266556,0.2143492372049543,1.6602756987355014e-10,1.299034910244154e-08,214808_at,RP11-395B7.7,
215020_at,0.2671223220530436,0.5409619026625458,-0.2738395806095022,3.4610891340932025e-13,9.991853682431919e-11,215020_at,NRXN3,neurexin 3
215021_s_at,0.5503536146165358,0.8077379055168359,-0.2573842909003001,8.333944393656052e-13,1.8964622995380907e-10,215021_s_at,NRXN3,neurexin 3
215066_at,0.6342424506248643,0.4338412861247867,0.2004011645000776,4.4712617473925867e-10,2.846264364386858e-08,215066_at,PTPRF,"protein tyrosine phosphatase, receptor type, F"
215161_at,0.4981876393401589,0.7645973339995652,-0.2664096946594062,5.931446055311351e-11,5.653299536103295e-09,215161_at,CAMK1G,calcium/calmodulin-dependent protein kinase IG
215645_at,0.7426005321875186,0.5399066565817764,0.2026938756057422,8.336902122224754e-13,1.8964622995380907e-10,215645_at,FLCN,folliculin
215714_s_at,0.4434457475672693,0.680463675306567,-0.2370179277392977,1.8831339577360428e-08,6.038966226297035e-07,215714_s_at,SMARCA4,"SWI/SNF related, matrix associated, actin dependent regulator of chromatin, subfamily a, member 4"
216101_at,0.8381279611210889,0.6129960591521271,0.2251319019689618,2.412432647916501e-12,4.3055615751850936e-10,,,
216602_s_at,0.2783908891614599,0.5106515319255148,-0.2322606427640549,2.6094463009763088e-11,2.956632589942306e-09,216602_s_at,FARSA,"phenylalanyl-tRNA synthetase, alpha subunit"
216804_s_at,0.5257878732116974,0.272644985550997,0.2531428876607003,5.815902064135127e-13,1.4437448155845986e-10,216804_s_at,PDLIM5,PDZ and LIM domain 5
216977_x_at,0.5077211175676206,0.7125207423530419,-0.2047996247854212,2.1628837784657748e-08,6.780802054727402e-07,216977_x_at,SNRPA1,small nuclear ribonucleoprotein polypeptide A'
217028_at,0.7997732569565119,0.5815471721680193,0.2182260847884926,2.1175309077195814e-12,3.880695149774816e-10,217028_at,CXCR4,chemokine (C-X-C motif) receptor 4
217356_s_at,0.4167660335002502,0.62362480283608,-0.2068587693358298,2.4014297385052925e-06,3.451296902868146e-05,217356_s_at,PGK1,phosphoglycerate kinase 1
217482_at,0.7788271919020393,0.5620030042706659,0.2168241876313734,2.5987091991633927e-12,4.5929872328126325e-10,,,
217937_s_at,0.6539871208097829,0.4234460777991219,0.230541043010661,5.592618595259329e-17,1.6968315519049873e-13,217937_s_at,HDAC7,histone deacetylase 7
218405_at,0.344066939676745,0.5502355560707368,-0.2061686163939917,1.950116511051641e-09,9.338249872973966e-08,218405_at,ABT1,activator of basal transcription 1
218609_s_at,0.4196917581876428,0.6596618139178941,-0.2399700557302513,8.283908842016119e-14,3.4535046838856966e-11,218609_s_at,NUDT2,nudix (nucleoside diphosphate linked moiety X)-type motif 2
219203_at,0.5134879090075372,0.7169822392559273,-0.2034943302483901,3.0387799453988647e-10,2.111410803537764e-08,219203_at,EMC9,ER membrane protein complex subunit 9
219408_at,0.4199149896909231,0.6451784055808595,-0.2252634158899363,1.616545337292891e-10,1.2776322793860586e-08,219408_at,PRMT7,protein arginine methyltransferase 7
219896_at,0.5786580497713222,0.806262731343897,-0.2276046815725748,8.098319937495008e-13,1.8661331086346618e-10,219896_at,CALY,calcyon neuron-specific vesicular protein
220260_at,0.3494313379004354,0.5653586281397636,-0.2159272902393281,7.627521687384975e-10,4.343710551753448e-08,220260_at,TBC1D19,"TBC1 domain family, member 19"
220261_s_at,0.3366111419746852,0.5502562389749657,-0.2136450970002804,7.825241173093103e-09,2.895222376407092e-07,220261_s_at,ZDHHC4,"zinc finger, DHHC-type containing 4"
220415_at,0.4784979599172404,0.6794038607707206,-0.2009059008534801,4.987829448551849e-10,3.1167085775029986e-08,220415_at,FPGT-TNNI3K /// TNNI3K,FPGT-TNNI3K readthrough /// TNNI3 interacting kinase
220615_s_at,0.6112674674422286,0.8133439909446706,-0.2020765235024419,3.905171681705388e-12,6.366362419491831e-10,220615_s_at,FAR2,fatty acyl CoA reductase 2
220690_s_at,0.3817799524613565,0.6655845674046855,-0.283804614943329,1.4511697362894436e-13,5.391342367889481e-11,220690_s_at,DHRS7B,dehydrogenase/reductase (SDR family) member 7B
220744_s_at,0.5431206627629459,0.7447106690783184,-0.2015900063153725,1.1397507034374067e-09,5.99087633944438e-08,220744_s_at,IFT122 /// LOC101927266,intraflagellar transport 122 homolog (Chlamydomonas) /// intraflagellar transport protein 122 homolog
221449_s_at,0.5045945746407241,0.7523004401197124,-0.2477058654789883,4.743429843080044e-12,7.55256367405628e-10,221449_s_at,ITFG1,integrin alpha FG-GAP repeat containing 1
221531_at,0.416029997554308,0.6453632291426686,-0.2293332315883606,2.2149723952745927e-10,1.6302734154060826e-08,221531_at,WDR61,WD repeat domain 61
221772_s_at,0.4910417819065319,0.7412264232417668,-0.2501846413352349,1.805986216697112e-14,1.2052265763477468e-11,221772_s_at,PPP2R2D,"protein phosphatase 2, regulatory subunit B, delta"
221777_at,0.4687216614899217,0.6760210745388453,-0.2072994130489235,1.6420654434491668e-10,1.2921919317448032e-08,221777_at,RITA1,RBPJ interacting and tubulin associated 1
221884_at,0.6919840988019543,0.4755279367971065,0.2164561620048478,9.401864191445872e-09,3.382206783619572e-07,221884_at,MECOM,MDS1 and EVI1 complex locus
222308_x_at,0.652344929776414,0.4492011426400776,0.2031437871363363,3.166435792059194e-10,2.1697435120668607e-08,,,
222351_at,0.6944851165837247,0.4814540363869268,0.2130310801967979,1.6651486042481277e-08,5.453741972062643e-07,222351_at,PPP2R1B,"protein phosphatase 2, regulatory subunit A, beta"
50221_at,0.7834738459396776,0.5504032573613875,0.2330705885782901,4.688804930992321e-15,4.572673280290778e-12,50221_at,TFEB,transcription factor EB
222425_s_at,0.4539462202589888,0.6833435121618117,-0.2293972919028228,9.098071679226129e-14,3.735887132462983e-11,222425_s_at,POLDIP2,"polymerase (DNA-directed), delta interacting protein 2"
222474_s_at,0.4081566066505744,0.6111297874703869,-0.2029731808198124,7.82602228201118e-12,1.0987212207904283e-09,222474_s_at,TOMM22,translocase of outer mitochondrial membrane 22 homolog (yeast)
222614_at,0.2973754701137672,0.5488841825109385,-0.2515087123971713,1.341049395440553e-12,2.732788456462497e-10,,,
223156_at,0.5785826952785992,0.7847189895062266,-0.2061362942276274,2.1578383722739468e-10,1.5989962961329317e-08,223156_at,MRPS23,mitochondrial ribosomal protein S23
223219_s_at,0.3792725324307701,0.5946895426108929,-0.2154170101801227,1.0862590054663203e-13,4.267903817664183e-11,223219_s_at,CNOT10,"CCR4-NOT transcription complex, subunit 10"
223229_at,0.3833548777484447,0.5837838764617564,-0.2004289987133117,1.1150743894943779e-09,5.9123842362579094e-08,223229_at,UBE2T,ubiquitin-conjugating enzyme E2T (putative)
223708_at,0.4043765776310742,0.6861212991346072,-0.2817447215035329,1.941789169681143e-11,2.310390673721051e-09,223708_at,C1QTNF4,C1q and tumor necrosis factor related protein 4
223786_at,0.4270378463890948,0.2247192957563742,0.2023185506327205,7.523499798319888e-08,1.870190689511352e-06,223786_at,CHST6,carbohydrate (N-acetylglucosamine 6-O) sulfotransferase 6
224163_s_at,0.498902655665038,0.6994802259135018,-0.2005775702484637,3.0080931598711274e-08,8.837062492740284e-07,224163_s_at,DMAP1,DNA methyltransferase 1 associated protein 1
224368_s_at,0.3998913129902775,0.6067861279687007,-0.2068948149784231,2.2565184999062827e-08,7.005983219748824e-07,224368_s_at,NDRG3,NDRG family member 3
224414_s_at,0.5336177745579703,0.3328632646582656,0.2007545098997047,7.319606369937587e-11,6.707141991298682e-09,224414_s_at,CARD6,"caspase recruitment domain family, member 6"
224509_s_at,0.4702524404293363,0.7234362896987452,-0.2531838492694088,4.637160551928474e-12,7.426664200072426e-10,224509_s_at,RTN4IP1,reticulon 4 interacting protein 1
225239_at,0.9683168028805396,0.7270476694334842,0.2412691334470554,2.7490021070062897e-18,1.8766406508741814e-14,225239_at,MIR612 /// NEAT1,microRNA 612 /// nuclear paraspeckle assembly transcript 1 (non-protein coding)
227062_at,0.9463716343551332,0.7227876779770808,0.2235839563780524,2.5214917771496698e-18,1.8766406508741814e-14,227062_at,MIR612 /// NEAT1,microRNA 612 /// nuclear paraspeckle assembly transcript 1 (non-protein coding)
227123_at,0.4681555463296332,0.6739580342543707,-0.2058024879247375,4.3508765303335846e-11,4.424849533540187e-09,227123_at,RAB3B,"RAB3B, member RAS oncogene family"
227697_at,0.6664203415218231,0.4578398122838601,0.2085805292379629,3.8064003739733117e-07,7.354348687340252e-06,227697_at,SOCS3,suppressor of cytokine signaling 3
227944_at,0.4735474991653405,0.7151588412249728,-0.2416113420596322,2.1683365597904865e-17,8.992509672246622e-14,227944_at,PTPN3,"protein tyrosine phosphatase, non-receptor type 3"
229015_at,0.4548678178919647,0.6945608292047601,-0.2396930113127954,1.2227130672726533e-13,4.702537235419818e-11,229015_at,LOC286367,FP944
229218_at,0.5243774691659321,0.3069821649144895,0.2173953042514425,7.966763496974301e-09,2.9279196154795253e-07,229218_at,COL1A2,"collagen, type I, alpha 2"
229259_at,0.5929338089162961,0.3873889557825634,0.2055448531337327,6.3280432577026374e-09,2.426920129444621e-07,229259_at,GFAP,glial fibrillary acidic protein
229289_at,0.289214033840122,0.5081141805701521,-0.21890014673003,1.360596640453499e-10,1.1214474498526864e-08,229289_at,FAM71E1,"family with sequence similarity 71, member E1"
229676_at,0.4335179017570681,0.6971659711279795,-0.2636480693709113,1.455796200318944e-14,1.0891150395618971e-11,229676_at,MTPAP,mitochondrial poly(A) polymerase
229917_at,0.4535870767054371,0.6602865284745048,-0.2066994517690676,1.0499428287737258e-11,1.39854945628828e-09,229917_at,AGAP2,"ArfGAP with GTPase domain, ankyrin repeat and PH domain 2"
230237_at,0.2957395019840723,0.585542945310482,-0.2898034433264096,1.513377288588251e-13,5.5469848229308825e-11,230237_at,ADCYAP1,adenylate cyclase activating polypeptide 1 (pituitary)
230255_at,0.5888028342293424,0.7928666852243246,-0.2040638509949821,5.610121592011769e-06,7.061202362400063e-05,230255_at,GABRD,"gamma-aminobutyric acid (GABA) A receptor, delta"
230392_at,0.7412121343086081,0.4511651216235968,0.2900470126850113,1.6886803011563595e-16,3.597875063272172e-13,,,
230656_s_at,0.549644995014201,0.7917112570281735,-0.2420662620139724,3.143211187755865e-14,1.7653762854316788e-11,230656_s_at,CIRH1A,"cirrhosis, autosomal recessive 1A (cirhin)"
231042_s_at,0.4415598200598082,0.6663856349552059,-0.2248258148953976,5.054120046268736e-09,2.0236118628069976e-07,,,
231577_s_at,0.6272545234015613,0.4123820908095437,0.2148724325920175,1.591646151574625e-10,1.2634385359875725e-08,231577_s_at,GBP1,"guanylate binding protein 1, interferon-inducible"
232311_at,0.5171819393062375,0.2921892333469436,0.2249927059592938,3.243866125510899e-13,9.552759357408726e-11,232311_at,B2M,beta-2-microglobulin
232541_at,0.7656043210870292,0.5100841567192018,0.2555201643678274,1.1817885834917473e-14,9.220145701462111e-12,,,
232614_at,0.7769288042951291,0.5502323468048284,0.2266964574903007,6.818082308195491e-13,1.6260084240064642e-10,,,
232795_at,0.8296296578641671,0.6095116491933916,0.2201180086707754,3.8078637381401465e-18,2.3106540259005303e-14,,,
232925_at,0.5477381916408036,0.3368835449031078,0.2108546467376958,1.3745814997421255e-09,6.944497636023749e-08,,,
233044_at,0.5736267593300055,0.3674221407372281,0.2062046185927774,2.8298006021588422e-09,1.249344383877937e-07,,,
233180_at,0.5222577558467821,0.3117837241042088,0.2104740317425733,4.855379024329839e-10,3.051401779697647e-08,,,
233216_at,0.701739298066261,0.4995240619667844,0.2022152360994766,1.16644032891365e-09,6.113513021397425e-08,233216_at,ZDHHC21,"zinc finger, DHHC-type containing 21"
233265_at,0.6848551343407402,0.4846288596674522,0.2002262746732879,1.1292642304368255e-09,5.947204186773997e-08,,,
233700_at,0.6843866517395474,0.471776274126699,0.2126103776128484,5.48152661456523e-10,3.345946184329601e-08,,,
234086_at,0.5779761856441441,0.3551641405757962,0.2228120450683479,8.88321721487716e-12,1.2189425672263474e-09,,,
234163_at,0.8887336103700465,0.6834000009422926,0.2053336094277539,3.3049027730018206e-11,3.559973474200166e-09,234163_at,UBE3A,ubiquitin protein ligase E3A
234258_at,0.5769522996070904,0.3584893260111736,0.2184629735959167,2.6361015916785736e-10,1.8769936926511334e-08,,,
234563_at,0.6686226839711978,0.4023016304920248,0.266321053479173,5.957620625102532e-14,2.7066639578910638e-11,,,
235213_at,0.84987544407054,0.5610882461572391,0.288787197913301,2.6973954420182024e-19,4.910428575831336e-15,235213_at,ITPKB,inositol-trisphosphate 3-kinase B
235567_at,0.7981628681301699,0.5886960914457007,0.2094667766844692,1.9449000251244734e-10,1.475233681557262e-08,235567_at,RORA,RAR-related orphan receptor A
235743_at,0.706440735073079,0.5013852806417898,0.2050554544312892,1.0053010171977674e-08,3.572056242825092e-07,,,
235852_at,0.601454338171118,0.3987734209530738,0.2026809172180442,1.595612658481221e-08,5.246309097991266e-07,235852_at,STON2,stonin 2
236216_at,0.5804297808198787,0.3782540091720918,0.2021757716477868,3.9869376590588085e-09,1.6532925313149485e-07,,,
236338_at,0.8489437012368405,0.6059951102891002,0.2429485909477402,4.389653379460836e-14,2.1404655358258448e-11,,,
236439_at,0.8215188698777001,0.491455025367763,0.330063844509937,9.293781834509173e-20,3.920989445147109e-15,,,
236617_at,0.8332011547774462,0.5761073092701025,0.2570938455073437,7.211824395531306e-14,3.0531733776213274e-11,,,
236645_at,0.6095527284788783,0.3639786065689283,0.24557412190995,2.6386161165111543e-14,1.549491849150792e-11,236645_at,HBP1,HMG-box transcription factor 1
236934_at,0.7446361446459596,0.532036484194036,0.2125996604519235,7.466356938505883e-09,2.790966129244502e-07,,,
236949_at,0.8232263794509845,0.5921622527623067,0.2310641266886778,4.973781256170823e-12,7.873423644732091e-10,,,
237782_at,0.7503975907687872,0.4899607424182956,0.2604368483504916,5.468840922025145e-16,8.533423122130264e-13,,,
237790_at,0.4673342397224325,0.6953829491646613,-0.2280487094422287,4.870060890861637e-11,4.8446017382992094e-09,237790_at,SCN8A,"sodium channel, voltage gated, type VIII, alpha subunit"
237832_at,0.5450610736483924,0.7694754552911371,-0.2244143816427447,9.1253631849286e-10,4.9986304876480014e-08,,,
238017_at,0.4705447929121178,0.701749547034292,-0.2312047541221741,1.8882953164649372e-14,1.2190151473879944e-11,238017_at,SDR16C5,"short chain dehydrogenase/reductase family 16C, member 5"
238558_at,0.8749701547203166,0.6415510006077818,0.2334191541125347,2.602313966991397e-16,4.584521699332296e-13,,,
238567_at,0.3418709998709915,0.5897151511225556,-0.247844151251564,4.6816990026186256e-12,7.476070983333656e-10,238567_at,SGPP2,sphingosine-1-phosphate phosphatase 2
239166_at,0.714181308570557,0.5111470745304135,0.2030342340401434,2.799946226497992e-09,1.2392352039490542e-07,,,
239179_at,0.8910980881065507,0.660316659588295,0.2307814285182556,4.686035527349234e-15,4.572673280290778e-12,,,
239301_at,0.6655509103624236,0.4616610003423693,0.2038899100200543,5.700411422570654e-10,3.466776937871394e-08,,,
239497_at,0.726258417592739,0.5210869534310067,0.2051714641617322,3.1837075784569774e-12,5.366414258712064e-10,,,
239629_at,0.8307378405608977,0.5555690262662284,0.2751688142946693,2.9784550486075457e-15,3.460901395097955e-12,,,
239649_at,0.5985479805195616,0.3749961355663477,0.2235518449532139,1.898843737940148e-12,3.5554165853773627e-10,,,
239826_at,0.7508507037613923,0.5036747355806023,0.24717596818079,1.6610818445031021e-13,6.007726011513105e-11,,,
240005_at,0.4984106440773319,0.7264215482331633,-0.2280109041558313,3.999109569660495e-15,4.289685876127287e-12,240005_at,LARP4B,"La ribonucleoprotein domain family, member 4B"
240156_at,0.6506017623469917,0.4427172439950895,0.2078845183519022,1.120294013508718e-12,2.389945974990298e-10,,,
240230_s_at,0.590708828561301,0.3827120188447053,0.2079968097165957,5.3590779412345745e-11,5.2077459716128806e-09,240230_s_at,AGAP9,"ArfGAP with GTPase domain, ankyrin repeat and PH domain 9"
240392_at,0.6798994643048927,0.4513807927641226,0.22851867154077,9.174027782156652e-11,8.094398256586469e-09,240392_at,RP11-334C17.5,
240971_x_at,0.7315940228600543,0.4817795894684509,0.2498144333916033,9.999641888628222e-13,2.1757388145962272e-10,,,
241316_at,0.5717513592315951,0.3603637112186504,0.2113876480129446,9.018542475642668e-11,7.982652515758071e-09,,,
241320_at,0.4829298958999846,0.2757151191547149,0.2072147767452696,2.79716140141469e-08,8.306763219981536e-07,,,
241457_at,0.7177335527062868,0.5108962524322938,0.206837300273993,4.2882243343602776e-10,2.7682363542838987e-08,,,
241762_at,0.8915137014549156,0.6339171258929878,0.2575965755619278,1.629289670623465e-14,1.1565116276999595e-11,241762_at,FBXO32,F-box protein 32
241851_x_at,0.7629692886893545,0.5524509109324145,0.21051837775694,1.459058305026804e-10,1.1770096190905294e-08,241851_x_at,LOC100130429,uncharacterized LOC100130429
241897_at,0.4407946049948641,0.1971072345161179,0.2436873704787462,6.705219592247604e-11,6.259695001562708e-09,,,
241987_x_at,0.5598320030956135,0.3390686373792549,0.2207633657163585,5.987051545032e-09,2.3140187263187026e-07,241987_x_at,SNX31,sorting nexin 31
242265_at,0.5501295885322447,0.3414541183046739,0.2086754702275707,2.990769637851197e-10,2.0860140770366216e-08,242265_at,BRD8,bromodomain containing 8
242319_at,0.7649525840316219,0.557810856308334,0.2071417277232878,9.225802247789648e-12,1.2603774199283664e-09,242319_at,DGKG,"diacylglycerol kinase, gamma 90kDa"
242372_s_at,0.5441121857655058,0.7845497620239138,-0.240437576258408,5.184373504296384e-11,5.0559676819667574e-09,242372_s_at,MFSD4,major facilitator superfamily domain containing 4
242645_at,0.645457366118195,0.4349693792446091,0.2104879868735859,1.3189835486206662e-10,1.0964025653092912e-08,,,
242700_at,0.4440841289337052,0.2371435580693483,0.2069405708643568,3.688953109247282e-09,1.554512316013286e-07,242700_at,PON2,paraoxonase 2
242742_at,0.597764499516765,0.3782678303025079,0.2194966692142571,8.376779549505729e-12,1.1670435243294806e-09,,,
242801_at,0.7792668495994658,0.5221880294743239,0.2570788201251419,2.25028557440329e-16,4.237753312927133e-13,,,
242849_at,0.6269167594112017,0.4012464833176287,0.225670276093573,6.703430208807714e-13,1.619886876077945e-10,,,
242922_at,0.631237467158112,0.4110802909600752,0.2201571761980367,2.358894643114098e-11,2.706435150092232e-09,242922_at,NOMO3,NODAL modulator 3
243121_x_at,0.6718348726886981,0.4657122287574177,0.2061226439312804,2.980266204162517e-13,9.092808838431708e-11,,,
243127_x_at,0.6481098846956723,0.4460995300305203,0.202010354665152,1.1046524277146978e-14,8.87182103452688e-12,243127_x_at,DNASE1,deoxyribonuclease I
243203_at,0.5974387974669019,0.378155202658438,0.2192835948084638,1.6235588659403437e-12,3.155424211587188e-10,,,
243341_at,0.4906217783620875,0.2478744976171495,0.2427472807449379,3.7389517514989006e-11,3.896858244362777e-09,,,
243431_at,0.6415927904471961,0.3926159164519108,0.2489768739952852,1.9391219889056378e-13,6.702611973424279e-11,,,
243469_at,0.5867566391079092,0.352595274993198,0.2341613641147112,1.1605411918886e-11,1.5126643463630572e-09,,,
243473_at,0.6829850326209614,0.4633467100251113,0.2196383225958501,1.873028361060084e-13,6.557160120677844e-11,,,
243593_s_at,0.6916199310112416,0.4565167791650716,0.23510315184617,2.1462582971015923e-15,2.604746763991317e-12,,,
243648_at,0.7960249020585471,0.5928010692606396,0.2032238327979075,3.994113148635916e-14,2.0974086671774352e-11,243648_at,ZBED6,"zinc finger, BED-type containing 6"
243704_at,0.442625360933948,0.6508565197989243,-0.2082311588649762,5.5392252380032684e-14,2.5636754908734955e-11,243704_at,GPATCH2,G patch domain containing 2
243887_at,0.4241280974582763,0.6483461423047248,-0.2242180448464484,1.9847028071596433e-14,1.2458686713495354e-11,243887_at,MRPL30,mitochondrial ribosomal protein L30
243915_at,0.8395689749207254,0.6350857867165538,0.2044831882041715,3.035166371338828e-12,5.163848630465029e-10,,,
243988_at,0.7298795040984427,0.5192111371523591,0.2106683669460836,2.40750697462546e-12,4.3055615751850936e-10,,,
244027_at,0.6295145776471406,0.4269952059555671,0.2025193716915734,3.124191261304961e-10,2.1488848533205016e-08,,,
244045_at,0.6347736682154889,0.4181797818413577,0.2165938863741311,2.3057542058403176e-11,2.66224427999064e-09,,,
244308_at,0.5381835581850384,0.3279269835152114,0.2102565746698269,2.539586699219507e-11,2.8954999666904994e-09,244308_at,LOC101927699,uncharacterized LOC101927699
244350_at,0.5473085276828763,0.3186172584519762,0.2286912692309,4.554924645400345e-12,7.337997040095841e-10,244350_at,MYO10,myosin X
244473_at,0.6236570889601742,0.3913167466393445,0.2323403423208297,5.0190323261123305e-11,4.965659645398056e-09,,,
244753_at,0.8887742998923821,0.6840623230802388,0.2047119768121432,2.150100890707972e-14,1.3047051104914942e-11,,,
244868_at,0.6237573704426808,0.4159549622669476,0.2078024081757331,1.6466137389105846e-10,1.2939067068075362e-08,,,
1552302_at,0.517535579462734,0.2679196976588302,0.2496158818039037,1.043309935781763e-13,4.252110859914136e-11,1552302_at,TMEM106A,transmembrane protein 106A
1552506_at,0.5349221334122303,0.3347404521852246,0.2001816812270056,2.8019274339700754e-10,1.9693907715753893e-08,1552506_at,CRB2,crumbs family member 2
1552507_at,0.5592152588940004,0.2958914473778429,0.2633238115161574,4.1001747064141084e-14,2.104407201003413e-11,1552507_at,KCNE4,"potassium voltage-gated channel, Isk-related family, member 4"
1553313_s_at,0.7037810002320102,0.4645287162696476,0.2392522839623625,3.621887018277374e-13,1.0195985346865062e-10,1553313_s_at,SLC5A3,"solute carrier family 5 (sodium/myo-inositol cotransporter), member 3"
1553357_at,0.4858151661518311,0.6951110977040428,-0.2092959315522116,8.63965970256019e-10,4.8195887164036755e-08,1553357_at,LINC00889,long intergenic non-protein coding RNA 889
1553909_x_at,0.7704264592587999,0.5680321065179444,0.2023943527408555,3.7003724543791125e-10,2.438395465777611e-08,1553909_x_at,FAM178A,"family with sequence similarity 178, member A"
1554096_a_at,0.6419792690528274,0.3719143693542353,0.2700648996985921,6.821000437623858e-14,2.9604886985485976e-11,1554096_a_at,RBM33,RNA binding motif protein 33
1554473_at,0.5637204972775975,0.3399141568763766,0.2238063404012208,1.2509394675125871e-11,1.6074719326885863e-09,1554473_at,SRGAP1,SLIT-ROBO Rho GTPase activating protein 1
1554500_a_at,0.4056983428346085,0.6242352512366844,-0.2185369084020759,5.806889402208434e-16,8.614888672441505e-13,1554500_a_at,RGS7,regulator of G-protein signaling 7
1554565_x_at,0.6499762390305328,0.4122436397628051,0.2377325992677276,1.2601221506921801e-10,1.0636638487751472e-08,1554565_x_at,SPPL3,signal peptide peptidase like 3
1554593_s_at,0.5180636976021115,0.744480624931416,-0.2264169273293045,1.8351339903067497e-11,2.207536841687721e-09,1554593_s_at,SLC1A6,"solute carrier family 1 (high affinity aspartate/glutamate transporter), member 6"
1554963_at,0.7878718025478114,0.5802182633276041,0.2076535392202073,2.5777548193119765e-14,1.5302056950770107e-11,,,
1555318_at,0.6920860893890871,0.4120786029588413,0.2800074864302458,2.1058929366503267e-18,1.8766406508741814e-14,1555318_at,HIF3A,"hypoxia inducible factor 3, alpha subunit"
1555862_s_at,0.636122968395823,0.4102996580229204,0.2258233103729026,3.867652210835017e-11,4.000456253604788e-09,1555862_s_at,MICALL2,MICAL-like 2
1555882_at,0.3475592160285387,0.5650526269859869,-0.2174934109574481,8.662717438442475e-10,4.8275202802618264e-08,1555882_at,SPIN3,"spindlin family, member 3"
1556314_a_at,0.6654537146489907,0.4256491649791605,0.2398045496698301,3.870784966828513e-10,2.534714381215894e-08,1556314_a_at,RP11-389C8.2,
1556366_s_at,0.5139612328870674,0.7150023439694274,-0.20104111108236,2.089017397985861e-09,9.864756716955634e-08,1556366_s_at,LY86-AS1,LY86 antisense RNA 1
1556499_s_at,0.4450496651895115,0.2266573446531926,0.2183923205363188,5.717313944838903e-08,1.492541426718389e-06,1556499_s_at,COL1A1,"collagen, type I, alpha 1"
1556590_s_at,0.5958723782529196,0.338051556043687,0.2578208222092326,7.457082105743039e-12,1.0633253917518135e-09,,,
1557780_at,0.7718469557740082,0.5676048559125808,0.2042420998614273,1.051023481530712e-08,3.7127778393814217e-07,,,
1558569_at,0.5968533394089063,0.3484319279130975,0.2484214114958087,1.0815092969851702e-11,1.4309197070751615e-09,1558569_at,LOC100131541,uncharacterized LOC100131541
1558695_at,0.8791095559374098,0.6772391938725963,0.2018703620648134,1.01975743018872e-11,1.3616628981637303e-09,,,
1558831_x_at,0.7782227024199829,0.5756030728037942,0.2026196296161887,7.235813953838039e-12,1.0371903082964744e-09,,,
1559044_at,0.6157585827921865,0.4114388273723809,0.2043197554198055,4.0004341887202144e-10,2.6009013374830607e-08,1559044_at,EXOSC1,exosome component 1
1559375_s_at,0.7710549616614423,0.4488217602955518,0.3222332013658904,7.008252990575443e-18,3.8274172057429664e-14,1559375_s_at,RP11-194N12.2,
1559391_s_at,0.8581426957808688,0.648511077082066,0.2096316186988027,2.438348893227989e-12,4.3241761425584094e-10,,,
1559402_a_at,0.8433091667157184,0.566406143132813,0.2769030235829054,1.99946019171454e-16,4.044315535189117e-13,1559402_a_at,C1orf61,chromosome 1 open reading frame 61
1559650_at,0.3527730126700762,0.6081046978636585,-0.2553316851935823,1.3795941889951239e-12,2.7787012743490403e-10,1559650_at,JAZF1-AS1,JAZF1 antisense RNA 1
1560763_at,0.7296396017245999,0.4834468604866631,0.2461927412379367,1.6162494278334364e-11,1.9805493109943726e-09,,,
1560926_at,0.7590600820554116,0.5552149219452674,0.2038451601101442,2.9057208344907e-07,5.844940402727094e-06,,,
1561158_at,0.6154728485125556,0.3998919818774146,0.2155808666351409,2.2530443023642324e-10,1.6538374796373365e-08,,,
1561362_at,0.5688826064319784,0.3589865829469513,0.2098960234850271,3.131814538542989e-12,5.295287535400874e-10,,,
1562110_at,0.4600679080886257,0.2586402785303226,0.201427629558303,4.1571960341263125e-11,4.259442657079587e-09,1562110_at,BC022892,"Homo sapiens, clone IMAGE:4616140, mRNA."
1562201_x_at,0.5919396772245274,0.3470693366882214,0.244870340536306,7.510158671460153e-10,4.2992903094806444e-08,1562201_x_at,RP11-357G3.2,
1566079_at,0.8173833115816087,0.6046094367196934,0.2127738748619153,5.4107796173441844e-14,2.5474043727760164e-11,1566079_at,RPS16P5,ribosomal protein S16 pseudogene 5
1566848_x_at,0.7048453680001535,0.5038782728803829,0.2009670951197706,1.8553991243393808e-11,2.222125271437425e-09,,,
1568603_at,0.4495101812112035,0.7284156471171389,-0.2789054659059353,2.028949469420569e-13,6.861033477502809e-11,1568603_at,CADPS,Ca++-dependent secretion activator
1569854_at,0.6462924839274966,0.3684130464771373,0.2778794374503593,1.7297095762755165e-14,1.2052265763477468e-11,,,
