chembl_id,name,smiles,mw,logp,pred_GRIN1,pred_HSPA8,pred_ITPKB,pred_PGK1,avg_predicted
CHEMBL728,PROCHLORPERAZINE,CN1CCN(CCCN2c3ccccc3Sc3ccc(Cl)cc32)CC1,373.95,4.58,-9.786000000000001,-7.867779569892475,-8.49499999999999,-6.928666666666661,-8.269361559139782
CHEMBL726,FLUPHENAZINE,OCCN1CCN(CCCN2c3ccccc3Sc3ccc(C(F)(F)F)cc32)CC1,437.53,4.31,-8.743000000000006,-7.989250000000006,-8.44999999999999,-6.49175,-7.918500000000001
CHEMBL593,DELAVIRDINE,CC(C)Nc1cccnc1N1CCN(C(=O)c2cc3cc(NS(C)(=O)=O)ccc3[nH]2)CC1,456.57,2.72,-9.111000000000006,-7.966793957465685,-8.310999999999995,-6.246317460317459,-7.908777854445787
CHEMBL567,PERPHENAZINE,OCCN1CCN(CCCN2c3ccccc3Sc3ccc(Cl)cc32)CC1,403.98,3.94,-8.676857142857147,-7.6339880952381,-8.269999999999992,-6.428416666666664,-7.752315476190476
CHEMBL1088,MESORIDAZINE,CN1CCCCC1CCN1c2ccccc2Sc2ccc([S+](C)[O-])cc21,386.59,4.9,-8.707934065934067,-7.597900962388868,-8.333333333333325,-6.255464285714282,-7.723658161842636
CHEMBL1085,ACETOPHENAZINE,CC(=O)c1ccc2c(c1)N(CCCN1CCN(CCO)CC1)c1ccccc1S2,411.57,3.49,-8.570857142857147,-7.692483351405084,-8.268999999999993,-6.189583333333334,-7.680480956898889
CHEMBL1075,MORICIZINE,CCOC(=O)Nc1ccc2c(c1)N(C(=O)CCN1CCOCC1)c1ccccc1S2,427.53,4.11,-8.488166666666668,-7.747398809523813,-8.124999999999993,-6.088297619047621,-7.612215773809524
CHEMBL592,LEVORPHANOL,CN1CC[C@]23CCCC[C@H]2[C@H]1Cc1ccc(O)cc13,257.38,3.08,-8.755000000000003,-7.264847599815767,-8.091999999999995,-5.7849523809523795,-7.474199995192036
CHEMBL52440,DEXTROMETHORPHAN,COc1ccc2c(c1)[C@]13CCCC[C@@H]1[C@H](C2)N(C)CC3,271.4,3.38,-8.756000000000006,-7.298444064462233,-8.072999999999995,-5.758952380952381,-7.471599111353653
CHEMBL715,OLANZAPINE,Cc1cc2c(s1)Nc1ccccc1N=C2N1CCN(C)CC1,312.44,3.44,-8.713000000000003,-7.228659331797231,-7.446599999999995,-6.379666666666662,-7.441981499615973
CHEMBL611,TERAZOSIN,COc1cc2nc(N3CCN(C(=O)C4CCCO4)CC3)nc(N)c2cc1OC,387.44,1.06,-8.445999999999996,-7.675500000000003,-7.211821428571422,-6.152297619047619,-7.37140476190476
CHEMBL833,TICLOPIDINE,Clc1ccccc1CN1CCc2sccc2C1,263.79,3.96,-8.853000000000003,-6.89514058441558,-7.314071428571421,-6.4229999999999965,-7.37130300324675
CHEMBL655,MIDAZOLAM,Cc1ncc2n1-c1ccc(Cl)cc1C(c1ccccc1F)=NC2,325.77,4.32,-8.586167832167837,-6.997500000000003,-7.369599999999996,-6.486630952380949,-7.359974696137196
CHEMBL644,TRIMIPRAMINE,CC(CN(C)C)CN1c2ccccc2CCc2ccccc21,294.44,4.12,-8.673095238095238,-6.938319877344876,-7.475833333333332,-6.33671428571428,-7.355990683621931
CHEMBL946,AZATADINE,CN1CCC(=C2c3ccccc3CCc3cccnc32)CC1,290.41,3.71,-8.619095238095241,-7.068586544011543,-7.398504761904758,-6.3349999999999955,-7.355296636002885
CHEMBL516,CYPROHEPTADINE,CN1CCC(=C2c3ccccc3C=Cc3ccccc32)CC1,287.41,4.7,-8.617095238095239,-7.026586544011543,-7.382999999999999,-6.330999999999996,-7.339420445526694
CHEMBL654,MIRTAZAPINE,CN1CCN2c3ncccc3Cc3ccccc3C2C1,265.36,2.48,-8.496095238095242,-7.0467951543080565,-7.300766666666663,-6.411999999999997,-7.31391426476749
CHEMBL707,DOXAZOSIN,COc1cc2nc(N3CCN(C(=O)C4COc5ccccc5O4)CC3)nc(N)c2cc1OC,451.48,1.72,-8.265999999999995,-7.511345238095238,-7.120238095238093,-6.193269841269844,-7.272713293650792
CHEMBL646,TRIAZOLAM,Cc1nnc2n1-c1ccc(Cl)cc1C(c1ccccc1Cl)=NC2,343.22,4.23,-8.48116783216784,-6.858500000000006,-7.212599999999997,-6.486964285714281,-7.2598080294705305
CHEMBL831,LOXAPINE,CN1CCN(C2=Nc3ccccc3Oc3ccc(Cl)cc32)CC1,327.81,3.77,-8.20011111111112,-7.213300565563468,-7.159654761904759,-6.462166666666661,-7.258808276311502
CHEMBL826,ENOXACIN,CCn1cc(C(=O)O)c(=O)c2cc(F)c(N3CCNCC3)nc21,320.32,0.66,-7.95283333333334,-7.624547619047611,-7.081000000000005,-6.348238095238097,-7.2516547619047635
CHEMBL285674,ESTAZOLAM,Clc1ccc2c(c1)C(c1ccccc1)=NCc1nncn1-2,294.75,3.27,-8.483090909090915,-6.783350000000006,-7.204599999999996,-6.5122499999999945,-7.245822727272728
CHEMBL661,ALPRAZOLAM,Cc1nnc2n1-c1ccc(Cl)cc1C(c1ccccc1)=NC2,308.77,3.58,-8.463090909090917,-6.800796236559146,-7.219599999999996,-6.48996428571428,-7.243362857841085
CHEMBL273575,NOMIFENSINE,CN1Cc2c(N)cccc2C(c2ccccc2)C1,238.33,2.85,-8.36842857142857,-7.051778884466785,-7.178166666666666,-6.283999999999995,-7.220593530640504
CHEMBL709,ALFUZOSIN,COc1cc2nc(N(C)CCCNC(=O)C3CCCO3)nc(N)c2cc1OC,389.46,1.35,-8.359833333333333,-7.2609166666666685,-7.226821428571424,-6.013301587301587,-7.215218253968253
CHEMBL629,AMITRIPTYLINE,CN(C)CCC=C1c2ccccc2CCc2ccccc21,277.41,4.17,-8.645666666666672,-6.6380198773448775,-7.431000000000004,-6.142999999999992,-7.214421636002886
CHEMBL549,CITALOPRAM,CN(C)CCCC1(c2ccc(F)cc2)OCc2cc(C#N)ccc21,324.4,3.81,-8.531866666666668,-6.785429292929295,-7.316999999999999,-6.210999999999998,-7.2113239898989905
CHEMBL779,TADALAFIL,CN1CC(=O)N2[C@H](c3ccc4c(c3)OCO4)c3[nH]c4ccccc4c3C[C@@H]2C1=O,389.41,2.21,-8.221167832167836,-7.182830086580087,-7.252999999999997,-6.136583333333333,-7.198395313020313
CHEMBL621,TRAZODONE,O=c1n(CCCN2CCN(c3cccc(Cl)c3)CC2)nc2ccccn12,371.87,2.36,-8.038938034188037,-7.259979539088359,-7.177349999999995,-6.245916666666664,-7.180546059985764
CHEMBL24828,VANDETANIB,COc1cc2/c(=N/c3ccc(Br)cc3F)nc[nH]c2cc1OCC1CCN(C)CC1,475.36,4.43,-8.139366666666668,-7.126130952380954,-6.901833333333332,-6.529666666666667,-7.174249404761905
CHEMBL941,IMATINIB,Cc1ccc(NC(=O)c2ccc(CN3CCN(C)CC3)cc2)cc1Nc1nccc(-c2cccnc2)n1,493.62,4.59,-8.211428571428574,-7.052550101858928,-7.331171428571424,-6.0150000000000015,-7.152537525464731
CHEMBL708,ZIPRASIDONE,O=C1Cc2cc(CCN3CCN(c4nsc5ccccc45)CC3)c(Cl)cc2N1,412.95,3.81,-8.041711111111114,-7.166020448179271,-7.229266666666661,-6.172166666666664,-7.1522912231559275
CHEMBL838,BENAZEPRIL,CCOC(=O)[C@H](CCc1ccccc1)N[C@H]1CCc2ccccc2N(CC(=O)O)C1=O,424.5,2.57,-8.059428571428576,-7.0018337662337675,-7.286499999999997,-6.131738095238096,-7.119875108225108
CHEMBL656,OXYCODONE,COc1ccc2c3c1O[C@H]1C(=O)CC[C@@]4(O)[C@@H](C2)N(C)CC[C@]314,315.37,1.05,-8.231914285714286,-7.077810028860029,-7.230999999999995,-5.937380952380952,-7.119526316738815
CHEMBL24778,SILODOSIN,C[C@H](Cc1cc2c(c(C(N)=O)c1)N(CCCO)CC2)NCCOc1ccccc1OCC(F)(F)F,495.54,3.07,-8.15136666666667,-6.975441666666663,-7.208666666666664,-6.1023809523809565,-7.1094639880952375
CHEMBL963,OXYMORPHONE,CN1CC[C@]23c4c5ccc(O)c4O[C@H]2C(=O)CC[C@@]3(O)[C@H]1C5,301.34,0.75,-8.223914285714287,-7.01677113997114,-7.224999999999997,-5.9703809523809515,-7.109016594516595
CHEMBL623,NEFAZODONE,CCc1nn(CCCN2CCN(c3cccc(Cl)c3)CC2)c(=O)n1CCOc1ccccc1,470.02,3.55,-8.24602692307693,-6.963157160928887,-7.168999999999998,-6.054166666666666,-7.10808768766812
CHEMBL126,LINEZOLID,CC(=O)NC[C@H]1CN(c2ccc(N3CCOCC3)c(F)c2)C(=O)O1,337.35,1.12,-7.957949999999999,-7.176125396825397,-7.258999999999994,-6.002380952380955,-7.098864087301587
CHEMBL295124,BERBERINE,COc1ccc2cc3[n+](cc2c1OC)CCc1cc2c(cc1-3)OCO2,336.37,3.1,-8.141833333333333,-7.0093499999999995,-7.266071428571423,-5.973848484848483,-7.09777581168831
CHEMBL13280,FLUNITRAZEPAM,CN1C(=O)CN=C(c2ccccc2F)c2cc([N+](=O)[O-])ccc21,313.29,2.55,-7.746618686868691,-7.0819416666666735,-7.30876666666666,-6.236464285714282,-7.093447826479077
CHEMBL531,PERGOLIDE,CCCN1C[C@H](CSC)C[C@@H]2c3cccc4[nH]cc(c34)C[C@H]21,314.5,4.27,-8.556000000000004,-6.697322535260436,-7.284999999999994,-5.833714285714283,-7.093009205243679
CHEMBL14376,ILOPERIDONE,COc1cc(C(C)=O)ccc1OCCCN1CCC(c2noc3cc(F)ccc23)CC1,426.49,4.83,-7.997443589743591,-7.012783333333334,-7.153071428571423,-6.188750000000003,-7.088012087912087
CHEMBL639,AZELASTINE,CN1CCCC(n2nc(Cc3ccc(Cl)cc3)c3ccccc3c2=O)CC1,381.91,4.3,-8.026739682539686,-7.041798791520517,-7.095838095238091,-6.179999999999998,-7.086094142324573
CHEMBL534,KETOTIFEN,CN1CCC(=C2c3ccccc3CC(=O)c3sccc32)CC1,309.43,4.01,-8.10391428571429,-6.823030080213902,-7.363071428571423,-6.049166666666664,-7.08479561529157
CHEMBL844,BRIMONIDINE,Brc1c(NC2=NCCN2)ccc2nccnc12,292.14,1.76,-8.445910256410263,-6.5063073877876505,-7.111999999999995,-6.2677499999999995,-7.0829919110494775
CHEMBL998,LORATADINE,CCOC(=O)N1CCC(=C2c3ccc(Cl)cc3CCc3cccnc32)CC1,382.89,4.89,-8.121628571428577,-6.938161904761905,-7.04350476190476,-6.21338095238095,-7.0791690476190485
CHEMBL95,TACRINE,Nc1c2c(nc3ccccc13)CCCC2,198.27,2.7,-8.409285714285717,-6.668986086136086,-7.054833333333332,-6.156749999999995,-7.072463783438782
CHEMBL1055,CHLORTHALIDONE,NS(=O)(=O)c1cc(C2(O)NC(=O)c3ccccc32)ccc1Cl,338.77,0.92,-8.174078943278944,-6.718832875457878,-7.277666666666665,-6.078237373737375,-7.0622039647852155
CHEMBL648,CYCLIZINE,CN1CCN(C(c2ccccc2)c2ccccc2)CC1,266.39,3.02,-8.543095238095242,-6.625310564622381,-7.171238095238092,-5.9064999999999985,-7.061535974488928
CHEMBL799,CILOSTAZOL,O=C1CCc2cc(OCCCCc3nnnn3C3CCCCC3)ccc2N1,369.47,3.46,-8.081000000000001,-7.016368716577537,-7.109999999999997,-6.031801587301588,-7.05979257596978
CHEMBL19019,NALTREXONE,O=C1CC[C@@]2(O)[C@H]3Cc4ccc(O)c5c4[C@@]2(CCN3CC2CC2)[C@H]1O5,341.41,1.53,-8.204914285714288,-6.9198088383838385,-7.082999999999996,-6.011166666666665,-7.054722447691197
CHEMBL25202,TAMIBAROTENE,CC1(C)CCC(C)(C)c2cc(NC(=O)c3ccc(C(=O)O)cc3)ccc21,351.45,4.99,-8.061471861471864,-6.730523424369749,-7.308833333333332,-6.096547979797976,-7.04934414974323
CHEMBL21731,MAPROTILINE,CNCCCC12CCC(c3ccccc31)c1ccccc12,277.41,4.21,-8.516690476190478,-6.241347293835195,-7.342333333333336,-6.086749999999995,-7.046780275839751
CHEMBL939,GEFITINIB,COc1cc2ncnc(Nc3ccc(F)c(Cl)c3)c2cc1OCCCN1CCOCC1,446.91,4.28,-7.810545238095236,-7.143378571428571,-6.997238095238094,-6.235416666666665,-7.046644642857142
CHEMBL659,GALANTAMINE,COc1ccc2c3c1O[C@H]1C[C@@H](O)C=C[C@@]31CCN(C)C2,287.36,1.85,-8.075914285714287,-7.011700709863609,-7.195999999999998,-5.902,-7.046403748894473
CHEMBL1026,FENOLDOPAM MESYLATE,CS(=O)(=O)O.Oc1ccc(C2CNCCc3c2cc(O)c(O)c3Cl)cc1,401.87,2.73,-7.8952285714285715,-7.014740476190476,-7.092666666666666,-6.1560000000000015,-7.039658928571429
CHEMBL848,LENALIDOMIDE,Nc1cccc2c1CN(C1CCC(=O)NC1=O)C2=O,259.26,0.03,-7.993750000000005,-6.981487223071046,-7.235999999999995,-5.940638888888889,-7.037969027989983
CHEMBL781,MAZINDOL,OC1(c2ccc(Cl)cc2)c2ccccc2C2=NCCN21,284.75,2.61,-8.178202020202024,-6.581586580086582,-7.236999999999998,-6.1381461038961005,-7.033733676046176
CHEMBL970,HALAZEPAM,O=C1CN=C(c2ccccc2)c2cc(Cl)ccc2N1CC(F)(F)F,352.74,4.09,-7.803738034188037,-6.850000000000005,-7.234099999999995,-6.185083333333333,-7.018230341880342
CHEMBL968,FLURAZEPAM,CCN(CC)CCN1C(=O)CN=C(c2ccccc2F)c2cc(Cl)ccc21,387.89,4.0,-7.816538034188039,-6.8352380952380996,-7.211766666666664,-6.183630952380952,-7.011793437118438
CHEMBL716,QUETIAPINE,OCCOCCN1CCN(C2=Nc3ccccc3Sc3ccccc32)CC1,383.52,2.86,-7.833000000000001,-7.039222727272728,-7.048671428571423,-6.1177499999999965,-7.009661038961037
CHEMBL502,DONEPEZIL,COc1cc2c(cc1OC)C(=O)C(CC1CCN(Cc3ccccc3)CC1)C2,379.5,4.36,-8.03122857142857,-6.951893668865396,-7.072666666666662,-5.9796666666666685,-7.008863893406824
CHEMBL1013,LORACARBEF ANHYDROUS,N[C@@H](C(=O)N[C@@H]1C(=O)N2C(C(=O)O)=C(Cl)CC[C@H]12)c1ccccc1,349.77,0.71,-7.913539682539684,-6.781342496392496,-7.123499999999995,-6.205534992784991,-7.0059792929292914
CHEMBL43452,POMALIDOMIDE,Nc1cccc2c1C(=O)N(C1CCC(=O)NC1=O)C2=O,273.25,-0.33,-7.863464285714287,-6.926938203463204,-7.221999999999996,-5.98451984126984,-6.999230582611832
CHEMBL12713,SERTINDOLE,O=C1NCCN1CCN1CCC(c2cn(-c3ccc(F)cc3)c3ccc(Cl)cc23)CC1,440.95,4.63,-7.788660256410257,-6.9353948051948064,-7.2259999999999955,-6.04275,-6.998201265401265
CHEMBL564,PROMAZINE,CN(C)CCCN1c2ccccc2Sc2ccccc21,284.43,4.24,-8.400285714285712,-6.752964598752499,-7.13733333333333,-5.696857808857808,-6.996860363807337
CHEMBL976,PRAZIQUANTEL,O=C(C1CCCCC1)N1CC(=O)N2CCc3ccccc3C2C1,312.41,2.53,-7.745142857142859,-7.009527699261523,-7.215833333333329,-6.010166666666666,-6.995167639101094
CHEMBL277100,TEMAFLOXACIN,CC1CN(c2cc3c(cc2F)c(=O)c(C(=O)O)cn3-c2ccc(F)cc2F)CCN1,417.39,2.9,-7.755438034188041,-7.277925757575757,-6.786166666666674,-6.156603174603176,-6.994033408258412
CHEMBL741,LAMOTRIGINE,Nc1nnc(-c2cccc(Cl)c2Cl)c(N)n1,256.1,2.01,-8.490076923076927,-6.4556377455877465,-6.748333333333326,-6.251,-6.9862620004995
CHEMBL969,PRAZEPAM,O=C1CN=C(c2ccccc2)c2cc(Cl)ccc2N1CC1CC1,324.81,3.93,-7.819538034188038,-6.750500000000004,-7.231099999999994,-6.119583333333333,-6.980180341880342
CHEMBL895,NALBUPHINE,Oc1ccc2c3c1O[C@H]1[C@@H](O)CC[C@@]4(O)[C@@H](C2)N(CC2CCC2)CC[C@]314,357.45,1.71,-8.184914285714289,-6.724858838383837,-7.093999999999995,-5.909999999999999,-6.97844328102453
CHEMBL61593,CYCLOTHIAZIDE,NS(=O)(=O)c1cc2c(cc1Cl)NC(C1CC3C=CC1C3)NS2(=O)=O,389.89,1.23,-7.698195238095243,-7.00322929292929,-6.805999999999995,-6.404000000000007,-6.977856132756133
CHEMBL15870,INDOPROFEN,CC(C(=O)O)c1ccc(N2Cc3ccccc3C2=O)cc1,281.31,3.04,-7.816914285714286,-6.7558488997456285,-7.232999999999993,-6.088880952380951,-6.973661034460215
CHEMBL561,LOMEFLOXACIN,CCn1cc(C(=O)O)c(=O)c2cc(F)c(N3CCNC(C)C3)c(F)c21,351.35,1.8,-7.748604700854709,-7.237706709956708,-6.723833333333338,-6.171238095238098,-6.970345709845714
CHEMBL70418,CLOBAZAM,CN1C(=O)CC(=O)N(c2ccccc2)c2cc(Cl)ccc21,300.75,3.37,-7.632257514707522,-6.831653120524847,-7.218499999999997,-6.178345238095235,-6.9651889683319
CHEMBL761,NAPHAZOLINE,c1ccc2c(CC3=NCCN3)cccc2c1,210.28,2.38,-8.356833333333338,-6.437743181818182,-6.994999999999994,-6.0709318181818155,-6.965127083333332
CHEMBL105,MITOMYCIN,CO[C@@]12[C@H](COC(N)=O)C3=C(C(=O)C(C)=C(N)C3=O)N1C[C@@H]1N[C@@H]12,334.33,-1.65,-7.772857142857145,-6.9202004329004305,-7.097999999999994,-6.068964285714288,-6.965005465367964
CHEMBL289469,GRANISETRON,CN1C2CCCC1CC(NC(=O)c1nn(C)c3ccccc13)C2,312.42,2.32,-7.8562380952381,-6.794325342747069,-7.180421428571424,-6.019749999999998,-6.962683716639148
CHEMBL431770,ISTRADEFYLLINE,CCn1c(=O)c2c(nc(/C=C/c3ccc(OC)c(OC)c3)n2C)n(CC)c1=O,384.44,2.12,-7.841291641691645,-7.159703896103895,-7.107071428571423,-5.741894119769121,-6.962490271534021
CHEMBL562,GRISEOFULVIN,COC1=CC(=O)C[C@@H](C)[C@]12Oc1c(Cl)c(OC)cc(OC)c1C2=O,352.77,2.81,-7.955768253968258,-6.654906349206348,-7.065999999999995,-6.14741666666667,-6.956022817460317
CHEMBL760,ANAGRELIDE,O=C1CN2Cc3c(ccc(Cl)c3Cl)N=C2N1,256.09,1.93,-7.766000000000004,-6.909817987482072,-7.067666666666663,-6.077853174603173,-6.955334457187979
CHEMBL847,OXAMNIQUINE,CC(C)NCC1CCc2cc(CO)c([N+](=O)[O-])cc2N1,279.34,1.81,-7.781178571428574,-6.9248909748747955,-6.8255,-6.28,-6.952892386575843
CHEMBL1073,GLIPIZIDE,Cc1cnc(C(=O)NCCc2ccc(S(=O)(=O)NC(=O)NC3CCCCC3)cc2)cn1,445.55,2.08,-7.785000000000002,-6.9748277417027404,-7.00812698412698,-6.042000000000004,-6.9524886814574325
CHEMBL1069,VALSARTAN,CCCCC(=O)N(Cc1ccc(-c2ccccc2-c2nnn[nH]2)cc1)[C@H](C(=O)O)C(C)C,435.53,4.16,-8.158791208791213,-6.710533249546151,-7.1446,-5.783571428571431,-6.949373971727199
CHEMBL850,SPARFLOXACIN,C[C@@H]1CN(c2c(F)c(N)c3c(=O)c(C(=O)O)cn(C4CC4)c3c2F)C[C@H](C)N1,392.41,2.08,-7.836604700854702,-7.051964205969471,-6.742833333333339,-6.14268888888889,-6.943522782261601
CHEMBL34259,METHOTREXATE,CN(Cc1cnc2nc(N)nc(N)c2n1)c1ccc(C(=O)N[C@@H](CCC(=O)O)C(=O)O)cc1,454.45,0.27,-8.026033333333338,-6.899188600288601,-6.9814047619047574,-5.864571428571429,-6.942799531024532
CHEMBL53292,ISOXICAM,Cc1cc(NC(=O)C2=C(O)c3ccccc3S(=O)(=O)N2C)no1,335.34,1.48,-7.645339260739262,-6.917407142857145,-7.100404761904757,-6.088880952380954,-6.938008029470529
CHEMBL50588,EMETINE,CC[C@H]1CN2CCc3cc(OC)c(OC)cc3[C@@H]2C[C@@H]1C[C@H]1NCCc2cc(OC)c(OC)cc21,480.65,4.94,-7.948942857142852,-6.934759523809522,-7.041833333333329,-5.781380952380951,-6.926729166666664
CHEMBL580,LORAZEPAM,O=C1Nc2ccc(Cl)cc2C(c2ccccc2Cl)=NC1O,321.16,3.1,-7.847878943278945,-6.637593799827625,-7.057666666666664,-6.1339365079365065,-6.919268979427435
CHEMBL643,PROMETHAZINE,CC(CN1c2ccccc2Sc2ccccc21)N(C)C,284.43,4.24,-8.133376623376627,-6.728257347670251,-6.962333333333328,-5.818857808857806,-6.910706278309503
CHEMBL87992,ESLICARBAZEPINE ACETATE,CC(=O)O[C@H]1Cc2ccccc2N(C(N)=O)c2ccccc21,296.33,3.06,-7.752809523809524,-6.789983784305511,-7.034833333333332,-6.057790043290046,-6.908854171184602
CHEMBL680,CEFACLOR ANHYDROUS,N[C@@H](C(=O)N[C@@H]1C(=O)N2C(C(=O)O)=C(Cl)CS[C@H]12)c1ccccc1,367.81,0.62,-7.704539682539687,-6.741437012987015,-6.9659880952380915,-6.20253499278499,-6.903624945887446
CHEMBL989,FLUOCINOLONE ACETONIDE,CC1(C)O[C@@H]2C[C@H]3[C@@H]4C[C@H](F)C5=CC(=O)C=C[C@]5(C)[C@@]4(F)[C@@H](O)C[C@]3(C)[C@]2(C(=O)CO)O1,452.49,2.37,-7.920200000000003,-6.680247727272724,-6.9579999999999975,-6.048035714285715,-6.90162086038961
CHEMBL316157,CEPHALORIDINE,O=C(Cc1cccs1)N[C@@H]1C(=O)N2C(C(=O)[O-])=C(C[n+]3ccccc3)CS[C@H]12,415.5,-0.32,-7.7885714285714345,-6.679717965367965,-7.071821428571426,-6.061321428571431,-6.9003580627705645
CHEMBL982,NALMEFENE,C=C1CC[C@@]2(O)[C@H]3Cc4ccc(O)c5c4[C@@]2(CCN3CC2CC2)[C@H]1O5,339.44,2.51,-8.17691428571429,-6.572519364699628,-7.049999999999996,-5.793999999999999,-6.8983584126034785
CHEMBL967,TEMAZEPAM,CN1C(=O)C(O)N=C(c2ccccc2)c2cc(Cl)ccc21,300.75,2.47,-7.747628943278952,-6.626137680409411,-7.128933333333327,-6.083496336996336,-6.896549073504507
CHEMBL21333,PRANLUKAST,O=C(Nc1cccc2c(=O)cc(-c3nnn[nH]3)oc12)c1ccc(OCCCCc2ccccc2)cc1,481.51,4.63,-7.885199999999998,-6.902495104895105,-6.871000000000001,-5.927190476190478,-6.896471395271396
CHEMBL568,OXAZEPAM,O=C1Nc2ccc(Cl)cc2C(c2ccccc2)=NC1O,286.72,2.45,-7.846878943278947,-6.5862723712561975,-7.0606666666666635,-6.09176984126984,-6.896396955617912
CHEMBL276520,INDALPINE,c1ccc2c(CCC3CCNCC3)c[nH]c2c1,228.34,3.1,-8.265690476190482,-6.267358308358306,-7.103999999999996,-5.947749999999996,-6.896199696137194
CHEMBL434394,NEBIVOLOL,OC(CNCC(O)C1CCc2cc(F)ccc2O1)C1CCc2cc(F)ccc2O1,405.44,2.36,-7.9699777777777765,-6.607545238095238,-6.789000000000001,-6.217999999999998,-6.896130753968253
CHEMBL43128,PRIMAQUINE PHOSPHATE,COc1cc(NC(C)CCCN)c2ncccc2c1.O=P(O)(O)O.O=P(O)(O)O,455.34,2.78,-7.698285714285716,-6.927967784992782,-7.004749999999999,-5.953000000000004,-6.896000874819625
CHEMBL632,BETAMETHASONE,C[C@H]1C[C@H]2[C@@H]3CCC4=CC(=O)C=C[C@]4(C)[C@@]3(F)[C@@H](O)C[C@]2(C)[C@@]1(O)C(=O)CO,392.47,1.9,-7.991866666666666,-6.676892965367963,-6.953999999999996,-5.936035714285715,-6.889698836580085
CHEMBL1087,MEPIVACAINE,Cc1cccc(C)c1NC(=O)C1CCCCN1C,246.35,2.73,-7.7847500000000025,-6.747282233078959,-7.064166666666662,-5.961714285714283,-6.8894782963649766
CHEMBL13376,CLOMETACIN,COc1ccc2c(C(=O)c3ccc(Cl)cc3)c(C)n(CC(=O)O)c2c1,357.79,3.93,-7.763954700854706,-6.729362626262623,-6.931666666666664,-6.123467532467532,-6.8871128815628815
CHEMBL685,MEBENDAZOLE,COC(=O)Nc1nc2cc(C(=O)c3ccccc3)ccc2[nH]1,295.3,2.97,-7.791814718614724,-6.702888834810563,-7.102749999999999,-5.9404260184260185,-6.884469892962825
CHEMBL855,TRIPROLIDINE,Cc1ccc(/C(=C\CN2CCCC2)c2ccccn2)cc1,278.4,3.92,-8.316523809523813,-6.537983862821766,-7.111671428571421,-5.564999999999998,-6.88279477522925
CHEMBL878,METOLAZONE,Cc1ccccc1N1C(=O)c2cc(S(N)(=O)=O)c(Cl)cc2NC1C,365.84,2.71,-7.533674181374185,-6.76913622407005,-6.975416666666664,-6.245670940170938,-6.88097450307046
CHEMBL635,PREDNISONE,C[C@]12C=CC(=O)C=C1CC[C@@H]1[C@@H]2C(=O)C[C@@]2(C)[C@H]1CC[C@]2(O)C(=O)CO,358.43,1.77,-7.92172380952381,-6.773136555111555,-6.968999999999997,-5.858892857142857,-6.880688305444554
CHEMBL599,MELOXICAM,Cc1cnc(NC(=O)C2=C(O)c3ccccc3S(=O)(=O)N2C)s1,351.41,1.95,-7.578739260739264,-6.826013203463206,-7.068404761904758,-6.047782051282055,-6.880234819347321
CHEMBL634,ALFENTANIL,CCC(=O)N(c1ccccc1)C1(COC)CCN(CCn2nnn(CC)c2=O)CC1,416.53,1.38,-7.760884065934073,-6.76120883302065,-7.013671428571427,-5.977166666666669,-6.878232748548204
CHEMBL284092,GEPIRONE,CC1(C)CC(=O)N(CCCCN2CCN(c3ncccn3)CC2)C(=O)C1,359.47,1.55,-7.561559523809525,-6.957701316773045,-7.170171428571424,-5.821500000000001,-6.877733067288498
CHEMBL1068,OXCARBAZEPINE,NC(=O)N1c2ccccc2CC(=O)c2ccccc21,252.27,2.64,-7.624976190476191,-6.769412547746371,-7.020833333333332,-6.066055555555556,-6.870319406777863
CHEMBL416956,MEFLOQUINE,OC(c1cc(C(F)(F)F)nc2c(C(F)(F)F)cccc12)C1CCCCN1,378.32,4.45,-7.942428571428573,-6.592844985032886,-7.012166666666665,-5.861465909090907,-6.852226533054758
CHEMBL829,METHYLPROMAZINE,CC(CN(C)C)CN1c2ccccc2Sc2ccccc21,298.45,4.49,-8.086376623376625,-6.640280074942978,-6.957333333333329,-5.713857808857807,-6.849461960127685
CHEMBL995,LOSARTAN POTASSIUM,CCCCc1nc(Cl)c(CO)n1Cc1ccc(-c2ccccc2-c2nnn[n-]2)cc1.[K+],461.01,4.27,-8.055826923076927,-6.615245646020644,-6.803671428571428,-5.877253246753246,-6.837999311105561
CHEMBL278819,MINAPRINE,Cc1cc(-c2ccccc2)nnc1NCCN1CCOCC1,298.39,2.2,-7.898288827838831,-6.672272102360004,-6.859838095238091,-5.9195,-6.8374747563592315
CHEMBL131,PREDNISOLONE,C[C@]12C=CC(=O)C=C1CC[C@@H]1[C@@H]2[C@@H](O)C[C@@]2(C)[C@H]1CC[C@]2(O)C(=O)CO,360.45,1.56,-7.92172380952381,-6.6041365551115545,-6.968999999999997,-5.847892857142857,-6.835688305444554
CHEMBL1008,BEPRIDIL,CC(C)COCC(CN(Cc1ccccc1)c1ccccc1)N1CCCC1,366.55,4.83,-7.896807142857149,-6.5962635949254125,-6.958749999999997,-5.877714285714288,-6.832383755874211
CHEMBL1091,HYDROCORTISONE ACETATE,CC(=O)OCC(=O)[C@@]1(O)CC[C@H]2[C@@H]3CCC4=CC(=O)CC[C@]4(C)[C@H]3[C@@H](O)C[C@@]21C,404.5,2.35,-7.924723809523808,-6.608786555111553,-6.970999999999996,-5.808892857142858,-6.828350805444554
CHEMBL296913,PARECOXIB SODIUM,CCC(=O)[N-]S(=O)(=O)c1ccc(-c2c(-c3ccccc3)noc2C)cc1.[Na+],392.41,3.53,-7.7085344988345,-6.804206782106782,-7.083404761904757,-5.71596158008658,-6.828026905733154
CHEMBL583,GREPAFLOXACIN,Cc1c(F)c(N2CCNC(C)C2)cc2c1c(=O)c(C(=O)O)cn2C1CC1,359.4,2.28,-7.598604700854704,-6.959560526315791,-6.755166666666673,-5.997430952380951,-6.82769071155453
CHEMBL276832,HYDRALAZINE,NNc1nncc2ccccc12,160.18,0.92,-8.127043290043293,-6.4354587051837076,-6.828333333333327,-5.91830769230769,-6.827285755217004
CHEMBL919,FOSPHENYTOIN SODIUM,O=C1NC(c2ccccc2)(c2ccccc2)C(=O)N1COP(=O)([O-])[O-].[Na+].[Na+],406.24,1.55,-7.732117832167837,-6.650660479134391,-7.1469999999999985,-5.774471103896103,-6.826062353799583
CHEMBL588,FENOLDOPAM,Oc1ccc(C2CNCCc3c2cc(O)c(O)c3Cl)cc1,305.76,2.73,-7.85622857142857,-6.621096240601503,-6.844000000000005,-5.97975,-6.825268703007519
CHEMBL1065,METHYSERGIDE,CC[C@@H](CO)NC(=O)[C@@H]1C=C2c3cccc4c3c(cn4C)C[C@H]2N(C)C1,353.47,1.94,-7.76411666666667,-6.63365723307896,-7.086999999999996,-5.8147142857142855,-6.824872046364978
CHEMBL1000,CETIRIZINE,O=C(O)COCCN1CCN(C(c2ccccc2)c2ccc(Cl)cc2)CC1,388.9,3.15,-7.822069047619055,-6.6227118325195695,-6.897238095238089,-5.945499999999997,-6.821879743844178
CHEMBL622,ETODOLAC,CCc1cccc2c3c([nH]c12)C(CC)(CC(=O)O)OCC3,287.36,3.38,-7.959057142857144,-6.506738352497175,-6.9839999999999955,-5.828699675324674,-6.819623792669748
CHEMBL658,SUFENTANIL,CCC(=O)N(c1ccccc1)C1(COC)CCN(CCc2cccs2)CC1,386.56,4.21,-7.807057142857145,-6.479431127392944,-7.0780714285714215,-5.891714285714284,-6.814068496133948
CHEMBL41355,EZOGABINE,CCOC(=O)Nc1ccc(NCc2ccc(F)cc2)cc1N,303.34,3.59,-7.911174242424245,-6.497882088087354,-6.980666666666663,-5.8529191641691645,-6.8106605403368565
CHEMBL276568,"CEFPROZIL ANHYDROUS, (E)-",C/C=C/C1=C(C(=O)O)N2C(=O)[C@@H](NC(=O)[C@H](N)c3ccc(O)cc3)[C@H]2SC1,389.43,0.71,-7.604142857142858,-6.715942965367967,-6.875988095238093,-6.01024927849928,-6.80158079906205
CHEMBL802,MINOXIDIL,Nc1cc(N2CCCCC2)nc(N)[n+]1[O-],209.25,-0.13,-7.69194523809524,-7.027447395002659,-6.831904761904758,-5.6549999999999985,-6.8015743487506635
CHEMBL691,ETHINYL ESTRADIOL,C#C[C@]1(O)CC[C@H]2[C@@H]3CCc4cc(O)ccc4[C@H]3CC[C@@]21C,296.41,3.61,-7.998180952380953,-6.5218976190476186,-6.947,-5.733534090909088,-6.800153165584415
CHEMBL1057,FLUORESCEIN,O=C1OC2(c3ccc(O)cc3Oc3cc(O)ccc32)c2ccccc21,332.31,3.67,-8.016838095238096,-6.516742261904763,-6.946000000000002,-5.7162083333333324,-6.798947172619048
CHEMBL15770,SULINDAC,CC1=C(CC(=O)O)c2cc(F)ccc2/C1=C\c1ccc([S+](C)[O-])cc1,356.42,4.37,-7.804388034188039,-6.629975000000001,-6.980666666666667,-5.776187687312686,-6.797804347041848
CHEMBL315838,ENCAINIDE,COc1ccc(C(=O)Nc2ccccc2CCC2CCCCN2C)cc1,352.48,4.36,-7.702826923076923,-6.593731084951722,-6.969166666666662,-5.911428571428571,-6.79428831153097
CHEMBL896,HYDROXYZINE,OCCOCCN1CCN(C(c2ccccc2)c2ccc(Cl)cc2)CC1,374.91,3.06,-7.820069047619054,-6.56987114624506,-6.87523809523809,-5.9114999999999975,-6.79416957227555
CHEMBL299400,BUTORPHANOL TARTRATE,O=C(O)C(O)C(O)C(=O)O.Oc1ccc2c(c1)[C@@]13CCCC[C@@]1(O)[C@@H](C2)N(CC1CCC1)CC3,477.55,3.37,-7.940942857142859,-6.716939285714289,-6.850333333333334,-5.655833333333334,-6.791012202380954
CHEMBL717,MEDROXYPROGESTERONE ACETATE,CC(=O)O[C@]1(C(C)=O)CC[C@H]2[C@@H]3C[C@H](C)C4=CC(=O)CC[C@]4(C)[C@H]3CC[C@@]21C,386.53,4.66,-7.901238095238097,-6.6061960789210765,-6.99633333333333,-5.657194444444445,-6.790240487984237
CHEMBL527,PIROXICAM,CN1C(C(=O)Nc2ccccn2)=C(O)c2ccccc2S1(=O)=O,331.35,1.58,-7.330167832167831,-6.808213203463205,-6.978738095238093,-6.042880952380956,-6.790000020812521
CHEMBL1005,REMIFENTANIL,CCC(=O)N(c1ccccc1)C1(C(=O)OC)CCN(CCC(=O)OC)CC1,376.45,2.0,-7.621616666666665,-6.5368563194052305,-7.061833333333329,-5.939000000000004,-6.789826579851307
CHEMBL742,KETAMINE,CNC1(c2ccccc2Cl)CCCCC1=O,237.73,2.9,-8.020500000000002,-6.333248087930824,-7.213833333333332,-5.578181818181816,-6.786440809861494
CHEMBL596,FENTANYL,CCC(=O)N(c1ccccc1)C1CCN(CCc2ccccc2)CC1,336.48,4.14,-7.738950000000001,-6.490510420322238,-7.026166666666661,-5.860714285714283,-6.7790853431757965
CHEMBL62193,SULFADIMETHOXINE,COc1cc(NS(=O)(=O)c2ccc(N)cc2)nc(OC)n1,310.34,0.88,-7.501309956709951,-6.8347435786435815,-6.927071428571431,-5.8527741147741175,-6.77897476967477
CHEMBL669,CYCLOBENZAPRINE,CN(C)CCC=C1c2ccccc2C=Cc2ccccc21,275.4,4.55,-8.108614718614723,-6.413116113904017,-6.972333333333336,-5.616857808857807,-6.7777304936774705
CHEMBL118,CELECOXIB,Cc1ccc(-c2cc(C(F)(F)F)nn2-c2ccc(S(N)(=O)=O)cc2)cc1,381.38,3.51,-7.905478943278948,-6.629965071233236,-6.982071428571423,-5.580649475524474,-6.77454122965202
CHEMBL668,PROTRIPTYLINE,CNCCCC1c2ccccc2C=Cc2ccccc21,263.38,4.3,-8.119690476190478,-6.150125071612974,-7.030333333333335,-5.793165501165497,-6.77332859557557
CHEMBL911,ZOLPIDEM,Cc1ccc(-c2nc3ccc(C)cn3c2CC(=O)N(C)C)cc1,307.4,3.25,-7.840501165501171,-6.557358971046876,-6.993071428571422,-5.6952344322344315,-6.7715414993384755
CHEMBL135,ESTRADIOL,C[C@]12CC[C@@H]3c4ccc(O)cc4CC[C@H]3[C@@H]1CC[C@@H]2O,272.39,3.61,-8.018180952380954,-6.394469047619047,-6.963000000000001,-5.694534090909088,-6.767546022727272
CHEMBL916,TIROFIBAN,CCCCS(=O)(=O)N[C@@H](Cc1ccc(OCCCCC2CCNCC2)cc1)C(=O)O,440.61,2.95,-7.882285714285716,-6.671520208294121,-6.780555555555553,-5.724714285714288,-6.76476894096242
CHEMBL308954,ETRAVIRINE,Cc1cc(C#N)cc(C)c1Oc1nc(Nc2ccc(C#N)cc2)nc(N)c1Br,435.29,4.72,-7.647190909090914,-6.617970320150985,-6.918083333333332,-5.871737362637365,-6.7637454813031495
CHEMBL86304,MOCLOBEMIDE,O=C(NCCN1CCOCC1)c1ccc(Cl)cc1,268.74,1.4,-7.7307857142857195,-6.521175930263928,-6.902126984126981,-5.881714285714284,-6.758950728597728
CHEMBL842,CHLOROTHIAZIDE,NS(=O)(=O)c1cc2c(cc1Cl)N=CNS2(=O)=O,295.73,-0.06,-7.319877777777781,-6.822297882672881,-6.617666666666662,-6.260000000000003,-6.754960581779331
CHEMBL650,METHYLPREDNISOLONE,C[C@H]1C[C@@H]2[C@H]([C@@H](O)C[C@@]3(C)[C@H]2CC[C@]3(O)C(=O)CO)[C@@]2(C)C=CC(=O)C=C12,374.48,1.8,-7.80972380952381,-6.488303221778221,-6.900999999999995,-5.816892857142858,-6.753979972111221
CHEMBL505,CHLORPHENIRAMINE,CN(C)CCC(c1ccc(Cl)cc1)c1ccccn1,274.8,3.82,-8.293376623376625,-6.073657714694531,-6.930333333333331,-5.713000000000001,-6.752591917851122
CHEMBL638,VORICONAZOLE,C[C@@H](c1ncncc1F)[C@](O)(Cn1cncn1)c1ccc(F)cc1F,349.32,2.18,-7.886438034188037,-6.599315810644984,-6.882293650793651,-5.617623076923078,-6.746417643137437
CHEMBL63857,PHENOLPHTHALEIN,O=C1OC(c2ccc(O)cc2)(c2ccc(O)cc2)c2ccccc21,318.33,3.56,-7.954380952380952,-6.4564387987012966,-6.872000000000001,-5.701208333333333,-6.746007021103896
CHEMBL119,TRIMETREXATE,COc1cc(NCc2ccc3nc(N)nc(N)c3c2C)cc(OC)c1OC,369.43,2.74,-7.609183333333334,-6.7713662866844535,-6.831333333333333,-5.769126540126541,-6.745252373369416
CHEMBL620,CLIDINIUM,C[N+]12CCC(CC1)C(OC(=O)C(O)(c1ccccc1)c1ccccc1)C2,352.45,2.7,-7.574866666666666,-6.612139346227249,-7.019333333333332,-5.7677499999999995,-6.743522336556811
CHEMBL1054,TRICHLORMETHIAZIDE,NS(=O)(=O)c1cc2c(cc1Cl)NC(C(Cl)Cl)NS2(=O)=O,380.66,0.82,-7.307306349206352,-6.793364549339548,-6.587666666666662,-6.284000000000003,-6.7430843913031415
CHEMBL832,SULFINPYRAZONE,O=C1C(CC[S+]([O-])c2ccccc2)C(=O)N(c2ccccc2)N1c1ccccc1,404.49,3.8,-7.491171861471864,-6.602793661801399,-7.085738095238095,-5.7727826923076915,-6.738121577704762
CHEMBL56367,NIMESULIDE,CS(=O)(=O)Nc1ccc([N+](=O)[O-])cc1Oc1ccccc1,308.31,2.76,-7.540347619047618,-6.777069234268147,-6.7934166666666655,-5.837715384615384,-6.7371372261494535
CHEMBL122,ROFECOXIB,CS(=O)(=O)c1ccc(C2=C(c3ccccc3)C(=O)OC2)cc1,314.36,2.56,-7.617276923076924,-6.577130381454293,-7.113999999999993,-5.6196666666666655,-6.732018492799469
CHEMBL843,ROSIGLITAZONE MALEATE,CN(CCOc1ccc(CC2SC(=O)NC2=O)cc1)c1ccccn1.O=C(O)/C=C\C(=O)O,473.51,2.49,-7.956024975024979,-6.357114255913168,-6.9779999999999935,-5.624714285714287,-6.728963379163107
CHEMBL893,DICLOXACILLIN,Cc1onc(-c2c(Cl)cccc2Cl)c1C(=O)N[C@@H]1C(=O)N2[C@@H]1SC(C)(C)[C@@H]2C(=O)O,470.33,3.2,-7.591076923076925,-6.682891469641464,-6.531782352941173,-6.10318609168609,-6.727234209336413
CHEMBL311498,CIANIDANOL,Oc1cc(O)c2c(c1)O[C@H](c1ccc(O)c(O)c1)[C@@H](O)C2,290.27,1.55,-7.616543589743588,-6.5794936507936495,-6.792999999999999,-5.919444444444446,-6.72712042124542
CHEMBL607,MEPERIDINE,CCOC(=O)C1(c2ccccc2)CCN(C)CC1,247.34,2.21,-7.751628571428573,-6.5246716991684215,-6.96233333333333,-5.647999999999996,-6.72165840098258
CHEMBL585,TRIAMTERENE,Nc1nc(N)c2nc(-c3ccccc3)c(N)nc2n1,253.27,0.83,-8.226743589743595,-6.201250371850375,-6.822333333333327,-5.633182692307687,-6.720877496808746
CHEMBL783,NATEGLINIDE,CC(C)[C@H]1CC[C@H](C(=O)N[C@H](Cc2ccccc2)C(=O)O)CC1,317.43,3.26,-7.790188095238097,-6.176077674286496,-7.064833333333331,-5.8480909090909075,-6.719797502987207
CHEMBL977,HYDROCORTISONE HEMISUCCINATE ANHYDROUS,C[C@]12CCC(=O)C=C1CC[C@@H]1[C@@H]2[C@@H](O)C[C@@]2(C)[C@H]1CC[C@]2(O)C(=O)COC(=O)CCC(=O)O,462.54,2.2,-7.890723809523808,-6.327798459873459,-6.980999999999997,-5.659892857142859,-6.71485378163503
CHEMBL626,NAFTIFINE,CN(C/C=C/c1ccccc1)Cc1cccc2ccccc12,287.41,4.99,-8.29466666666667,-6.379993494856401,-6.722333333333333,-5.45478409090909,-6.712944396441373
CHEMBL90593,PRASTERONE,C[C@]12CC[C@H](O)CC1=CC[C@@H]1[C@@H]2CC[C@]2(C)C(=O)CC[C@@H]12,288.43,3.88,-7.71235714285714,-6.575479412254412,-6.9833333333333325,-5.57728409090909,-6.712113494838493
CHEMBL48582,SAFINAMIDE MESYLATE,CS(=O)(=O)O.C[C@H](NCc1ccc(OCc2cccc(F)c2)cc1)C(N)=O,398.46,2.37,-7.838666666666666,-6.579386297760213,-6.659333333333332,-5.7703478521478555,-6.711933537477016
CHEMBL811,BROMPHENIRAMINE,CN(C)CCC(c1ccc(Br)cc1)c1ccccn1,319.25,3.93,-8.25304329004329,-6.1003479320858345,-6.909333333333331,-5.581,-6.710931138865614
CHEMBL108,CARBAMAZEPINE,NC(=O)N1c2ccccc2C=Cc2ccccc21,236.27,3.39,-7.560507575757575,-6.626680307764132,-6.895999999999995,-5.755159992784988,-6.709586969076673
CHEMBL101,PHENYLBUTAZONE,CCCCC1C(=O)N(c2ccccc2)N(c2ccccc2)C1=O,308.38,3.79,-7.505588528138531,-6.542330807451449,-7.055404761904757,-5.729754120879119,-6.708269554593463
CHEMBL282724,SITAXENTAN,Cc1cc2c(cc1CC(=O)c1sccc1S(=O)(=O)Nc1onc(C)c1Cl)OCO2,454.91,3.96,-7.349090909090905,-6.952463186813185,-6.25831074481074,-6.268571428571425,-6.707109067321564
CHEMBL822,TERBINAFINE,CN(C/C=C/C#CC(C)(C)C)Cc1cccc2ccccc12,291.44,4.88,-8.305666666666669,-6.365617304380211,-6.671333333333332,-5.482909090909092,-6.706381598822326
CHEMBL936,DIPHENIDOL,OC(CCCN1CCCCC1)(c1ccccc1)c1ccccc1,309.45,4.19,-7.786783333333338,-6.541484530083441,-6.91133333333333,-5.583999999999999,-6.705900299187527
CHEMBL891,CLOXACILLIN,Cc1onc(-c2ccccc2Cl)c1C(=O)N[C@@H]1C(=O)N2[C@@H]1SC(C)(C)[C@@H]2C(=O)O,435.89,2.55,-7.580167832167835,-6.602141469641466,-6.531971428571425,-6.07918609168609,-6.698366705516704
CHEMBL865,VALDECOXIB,Cc1onc(-c2ccccc2)c1-c1ccc(S(N)(=O)=O)cc1,314.37,2.96,-7.631443589743594,-6.567527218648945,-6.955404761904757,-5.617347960372956,-6.6929308826675635
CHEMBL37744,ZIMELDINE,CN(C)C/C=C(/c1ccc(Br)cc1)c1cccnc1,317.23,3.84,-8.146043290043293,-6.27347960596751,-6.788933333333332,-5.557615384615385,-6.69151790348988
CHEMBL86715,PROCYCLIDINE,OC(CCN1CCCC1)(c1ccccc1)C1CCCCC1,287.45,3.94,-7.787321428571435,-6.379757257356168,-6.967999999999997,-5.6129999999999995,-6.6870196714819
CHEMBL506,PRIMAQUINE,COc1cc(NC(C)CCCN)c2ncccc2c1,259.35,2.78,-7.5957023809523845,-6.449045442908346,-6.895083333333336,-5.775307692307695,-6.678784712375441
CHEMBL597,PHENTOLAMINE,Cc1ccc(N(CC2=NCCN2)c2cccc(O)c2)cc1,281.36,2.84,-7.715547619047625,-6.3997270807149835,-6.898749999999995,-5.68666666666667,-6.675172841607319
CHEMBL103,PROGESTERONE,CC(=O)[C@H]1CC[C@H]2[C@@H]3CCC4=CC(=O)CC[C@]4(C)[C@H]3CC[C@]12C,314.47,4.72,-7.732438095238097,-6.407416527100351,-7.022333333333331,-5.528284090909089,-6.672618011645217
CHEMBL839,CARTEOLOL,CC(C)(C)NCC(O)COc1cccc2c1CCC(=O)N2,292.38,1.7,-7.461807142857143,-6.358590336624157,-6.90083333333333,-5.956480519480522,-6.669427833073788
CHEMBL282052,METHAQUALONE,Cc1ccccc1-n1c(C)nc2ccccc2c1=O,250.3,3.0,-7.315096403596402,-6.756882821379548,-6.7726833333333305,-5.831499475524473,-6.669040508458439
CHEMBL1064,SIMVASTATIN,CCC(C)(C)C(=O)O[C@H]1C[C@@H](C)C=C2C=C[C@H](C)[C@H](CC[C@@H]3C[C@@H](O)CC(=O)O3)[C@H]21,418.57,4.59,-7.654438095238097,-6.490390523365521,-6.718,-5.78148015873016,-6.661077194333444
CHEMBL807,MEMANTINE,CC12CC3CC(C)(C1)CC(N)(C3)C2,179.31,2.69,-8.125523809523813,-6.147892127510296,-6.885166666666666,-5.484090909090908,-6.66066837819792
CHEMBL915,NEDOCROMIL SODIUM,CCCc1c2oc(C(=O)[O-])cc(=O)c2cc2c(=O)cc(C(=O)[O-])n(CC)c12.[Na+].[Na+],415.31,2.48,-7.466455927405924,-7.0828078643578625,-6.52307142857143,-5.568257215007215,-6.660148108835608
CHEMBL710,FINASTERIDE,CC(C)(C)NC(=O)[C@H]1CC[C@H]2[C@@H]3CC[C@H]4NC(=O)C=C[C@]4(C)[C@H]3CC[C@]12C,372.55,3.81,-7.661200000000001,-6.377494112865836,-7.005999999999991,-5.594354797979797,-6.659762227711406
CHEMBL746,NEDOCROMIL,CCCc1c2oc(C(=O)O)cc(=O)c2cc2c(=O)cc(C(=O)O)n(CC)c12,371.35,2.48,-7.551455927405928,-7.0584864357864365,-6.445738095238097,-5.574257215007215,-6.657484418359418
CHEMBL1034,DICLOFENAC SODIUM,O=C([O-])Cc1ccccc1Nc1c(Cl)cccc1Cl.[Na+],318.14,4.36,-7.733995177045175,-6.182830471641882,-6.907999999999999,-5.794909090909091,-6.654933684899037
CHEMBL121,ROSIGLITAZONE,CN(CCOc1ccc(CC2SC(=O)NC2=O)cc1)c1ccccn1,357.44,2.49,-7.850024975024979,-6.249347794059611,-6.931999999999993,-5.586714285714287,-6.654521763699718
CHEMBL700,SULFAPYRIDINE,Nc1ccc(S(=O)(=O)Nc2ccccn2)cc1,249.3,1.46,-7.198124242424237,-6.588196031746036,-6.936683333333332,-5.878380952380956,-6.650346139971139
CHEMBL959,RIMANTADINE,CC(N)C12CC3CC(CC(C3)C1)C2,179.31,2.55,-7.977857142857143,-6.211304032272199,-6.924833333333331,-5.481909090909089,-6.648975899842941
CHEMBL660,AMANTADINE,NC12CC3CC(CC(C3)C1)C2,151.25,1.91,-8.094523809523814,-6.160348271903538,-6.878166666666665,-5.454999999999997,-6.647009687023504
CHEMBL503,LOVASTATIN,CC[C@H](C)C(=O)O[C@H]1C[C@@H](C)C=C2C=C[C@H](C)[C@H](CC[C@@H]3C[C@@H](O)CC(=O)O3)[C@H]21,404.55,4.2,-7.652438095238097,-6.445079412254411,-6.73,-5.757337301587302,-6.646213702269953
CHEMBL33986,BUTORPHANOL,Oc1ccc2c(c1)[C@@]13CCCC[C@@]1(O)[C@@H](C2)N(CC1CCC1)CC3,327.47,3.37,-7.88194285714286,-6.458766666666667,-6.793333333333333,-5.436666666666667,-6.642677380952382
CHEMBL139,DICLOFENAC,O=C(O)Cc1ccccc1Nc1c(Cl)cccc1Cl,296.15,4.36,-7.7504951770451775,-6.158620154181566,-6.869999999999999,-5.77490909090909,-6.638506105533958
CHEMBL32479,BROTIZOLAM,Cc1nnc2n1-c1sc(Br)cc1C(c1ccccc1Cl)=NC2,393.7,4.4,-7.181882117882118,-6.7283000000000035,-6.262471428571423,-6.357464285714281,-6.632529458041956
CHEMBL1071,OXAPROZIN,O=C(O)CCc1nc(-c2ccccc2)c(-c2ccccc2)o1,293.32,4.03,-7.721410256410257,-6.241161825582058,-7.032666666666664,-5.528593947718947,-6.630958174094481
CHEMBL24944,TRIBROMSALAN,O=C(Nc1ccc(Br)cc1)c1cc(Br)cc(Br)c1O,449.92,4.93,-7.60250202020202,-6.329764986316573,-6.875000000000001,-5.688322843822843,-6.623897462585359
CHEMBL578,ENALAPRIL,CCOC(=O)[C@H](CCc1ccccc1)N[C@@H](C)C(=O)N1CCC[C@H]1C(=O)O,376.45,1.6,-6.995492063492058,-6.809906202131198,-6.692224358974356,-5.967610389610394,-6.616308253552003
CHEMBL652,FLECAINIDE,O=C(NCC1CCCCN1)c1cc(OCC(F)(F)F)ccc1OCC(F)(F)F,414.35,3.44,-7.517178571428576,-6.456553703307877,-6.704055555555555,-5.766630952380953,-6.61110469566824
CHEMBL1092,TRIHEXYPHENIDYL HYDROCHLORIDE,Cl.OC(CCN1CCCCC1)(c1ccccc1)C1CCCCC1,337.94,4.33,-7.605146825396831,-6.393757257356168,-6.799333333333331,-5.627999999999999,-6.606559354021583
CHEMBL553,ERLOTINIB,C#Cc1cccc(Nc2ncnc3cc(OCCOC)c(OCCOC)cc23)c1,393.44,3.41,-7.525795238095234,-6.488085581085577,-6.671333333333336,-5.737948717948719,-6.605790717615716
CHEMBL927,CEFDINIR,C=CC1=C(C(=O)O)N2C(=O)[C@@H](NC(=O)/C(=N\O)c3csc(N)n3)[C@H]2SC1,395.42,-0.17,-7.2490000000000006,-6.694614177489176,-6.294225526107879,-6.170138888888889,-6.601994648121487
CHEMBL1072,BUMETANIDE,CCCCNc1cc(C(=O)O)cc(S(N)(=O)=O)c1Oc1ccccc1,364.42,3.04,-7.4122816849816875,-6.517989075537989,-6.6949999999999985,-5.773753246753247,-6.599756001818231
CHEMBL1086,DIBUCAINE,CCCCOc1cc(C(=O)NCCN(CC)CC)c2ccccc2n1,343.47,3.49,-7.667902380952383,-6.497269912882815,-6.612933333333333,-5.608571428571427,-6.59666926393499
CHEMBL928,DANTROLENE SODIUM,O=C1CN(/N=C/c2ccc(-c3ccc([N+](=O)[O-])cc3)o2)C(=O)[N-]1.[Na+],336.24,1.74,-7.435263070263067,-6.660320929794839,-6.215306722689077,-6.075777777777777,-6.59666712513119
CHEMBL723,CARVEDILOL,COc1ccccc1OCCNCC(O)COc1cccc2[nH]c3ccccc3c12,406.48,3.74,-7.678100732600735,-6.226249650349647,-6.7499999999999964,-5.683448717948717,-6.584449775224774
CHEMBL563,FLURBIPROFEN,CC(C(=O)O)c1ccc(-c2ccccc2)c(F)c1,244.26,3.68,-7.729721367521371,-6.250200998337409,-6.893333333333336,-5.45663141025641,-6.582471777362131
CHEMBL12856,INAMRINONE,Nc1cc(-c2ccncc2)c[nH]c1=O,187.2,1.02,-7.523644022644022,-6.353007038045036,-6.773333333333332,-5.676730311355309,-6.581678676344424
CHEMBL509,MECLOFENAMIC ACID,Cc1ccc(Cl)c(Nc2ccccc2C(=O)O)c1Cl,296.15,4.74,-7.535169419469421,-6.148675847763348,-6.783416666666667,-5.851282051282051,-6.579635996295372
CHEMBL528,CEFTIZOXIME,CO/N=C(\C(=O)N[C@@H]1C(=O)N2C(C(=O)O)=CCS[C@H]12)c1csc(N)n1,383.41,-0.56,-7.214000000000002,-6.670489177489176,-6.279625526107881,-6.148853174603176,-6.578241969550059
CHEMBL869,NITROFURAZONE,NC(=O)N/N=C/c1ccc([N+](=O)[O-])o1,198.14,0.19,-7.4228952380952355,-6.599216244866244,-6.261663865546218,-6.022959595959593,-6.576683736116822
CHEMBL711,PHENINDIONE,O=C1c2ccccc2C(=O)C1c1ccccc1,222.24,2.85,-7.436610256410258,-6.333532663741489,-6.915666666666666,-5.592349358974357,-6.569539736448193
CHEMBL64894,GENTIAN VIOLET,CN(C)c1ccc(C(=C2C=CC(=[N+](C)C)C=C2)c2ccc(N(C)C)cc2)cc1.[Cl-],407.99,4.46,-8.078757575757576,-6.088013270250088,-6.796488888888888,-5.288615384615384,-6.562968779877984
CHEMBL577,ENALAPRILAT ANHYDROUS,C[C@H](N[C@@H](CCc1ccccc1)C(=O)O)C(=O)N1CCC[C@H]1C(=O)O,348.4,1.13,-6.915285714285712,-6.679761314410225,-6.642709653092004,-5.976155844155844,-6.553478131485947
CHEMBL21869,DIBROMSALAN,O=C(Nc1ccc(Br)cc1)c1cc(Br)ccc1O,371.03,4.17,-7.48150202020202,-6.25823165298324,-6.789333333333335,-5.683370462870463,-6.553109367347265
CHEMBL856,PRIMIDONE,CCC1(c2ccccc2)C(=O)NCNC1=O,218.26,0.54,-7.196342857142854,-6.269065349298489,-7.010499999999995,-5.717396103896103,-6.548326077584361
CHEMBL16476,PRONETALOL,CC(C)NCC(O)c1ccc2ccccc2c1,229.32,2.87,-7.560107142857143,-6.2998828208082225,-6.752933333333333,-5.576052614052615,-6.547243977762829
CHEMBL996,CEFOXITIN,CO[C@@]1(NC(=O)Cc2cccs2)C(=O)N2C(C(=O)O)=C(COC(N)=O)CS[C@@H]21,427.46,0.1,-7.25538095238095,-6.488879853479853,-6.387434927817279,-6.054035714285717,-6.54643286199095
CHEMBL690,PRAVASTATIN SODIUM,CC[C@H](C)C(=O)O[C@H]1C[C@H](O)C=C2C=C[C@H](C)[C@H](CC[C@@H](O)C[C@@H](O)CC(=O)[O-])[C@H]21.[Na+],446.52,2.44,-7.575438095238095,-6.231530205905204,-6.899,-5.477587301587303,-6.545888900682651
CHEMBL819,OXACILLIN,Cc1onc(-c2ccccc2)c1C(=O)N[C@@H]1C(=O)N2[C@@H]1SC(C)(C)[C@@H]2C(=O)O,401.44,1.9,-7.291167832167833,-6.54075685425685,-6.472971428571425,-5.874367909867909,-6.544816006216005
CHEMBL904,DEXMETHYLPHENIDATE HYDROCHLORIDE,COC(=O)[C@H](c1ccccc1)[C@H]1CCCCN1.Cl,269.77,2.09,-7.4597634920634945,-6.104492718579532,-6.999166666666667,-5.608090909090907,-6.542878446600151
CHEMBL796,METHYLPHENIDATE,COC(=O)C(c1ccccc1)C1CCCCN1,233.31,2.09,-7.4743666666666675,-6.087537163023976,-7.006166666666668,-5.6030909090909065,-6.542790351362054
CHEMBL827,DEXMETHYLPHENIDATE,COC(=O)[C@H](c1ccccc1)[C@H]1CCCCN1,233.31,2.09,-7.4743666666666675,-6.087537163023976,-7.006166666666668,-5.6030909090909065,-6.542790351362054
CHEMBL712,ANISINDIONE,COc1ccc(C2C(=O)c3ccccc3C2=O)cc1,252.27,2.86,-7.479743589743593,-6.3730115731833,-6.706999999999998,-5.6077980769230775,-6.541888309962492
CHEMBL572,NITROFURANTOIN,O=C1CN(/N=C/c2ccc([N+](=O)[O-])o2)C(=O)N1,238.16,0.07,-7.332895238095237,-6.604481644080555,-6.1327352941176505,-5.997777777777778,-6.516972488517805
CHEMBL1021,NEPAFENAC,NC(=O)Cc1cccc(C(=O)c2ccccc2)c1N,254.29,1.53,-7.361181684981683,-6.184058740595158,-6.904749999999999,-5.6145727355977355,-6.516140790293644
CHEMBL110,BENZNIDAZOLE,O=C(Cn1ccnc1[N+](=O)[O-])NCc1ccccc1,260.25,1.11,-6.973595970695967,-6.742734218466954,-6.472526960784312,-5.839880952380955,-6.507184525582047
CHEMBL981,FENOFIBRIC ACID,CC(C)(Oc1ccc(C(=O)c2ccc(Cl)cc2)cc1)C(=O)O,318.76,3.81,-7.625968253968256,-6.220704533690945,-6.495999999999998,-5.678444444444443,-6.50527930802591
CHEMBL672,FENOFIBRATE,CC(C)OC(=O)C(C)(C)Oc1ccc(C(=O)c2ccc(Cl)cc2)cc1,360.84,4.68,-7.6579682539682565,-6.17331845238095,-6.503999999999999,-5.681444444444443,-6.5041827876984115
CHEMBL617,CEPHALOTHIN,CC(=O)OCC1=C(C(=O)O)N2C(=O)[C@@H](NC(=O)Cc3cccs3)[C@H]2SC1,396.45,0.59,-7.177714285714286,-6.423121520146518,-6.400045787545785,-6.009178571428574,-6.502515041208791
CHEMBL864,CARBINOXAMINE,CN(C)CCOC(c1ccc(Cl)cc1)c1ccccn1,290.79,3.4,-7.680243290043294,-6.018546603583419,-6.7413333333333325,-5.564,-6.501030806740012
CHEMBL595,PIOGLITAZONE,CCc1ccc(CCOc2ccc(CC3SC(=O)NC3=O)cc2)nc1,356.45,3.16,-7.682024975024976,-6.172350929726831,-6.768999999999995,-5.379718406593407,-6.500773577836303
CHEMBL1077,BROMFENAC,Nc1c(CC(=O)O)cccc1C(=O)c1ccc(Br)cc1,334.17,2.89,-7.541911843711845,-6.155043993506497,-6.672750000000003,-5.626858449883449,-6.4991410717754485
CHEMBL836,TAMSULOSIN,CCOc1ccccc1OCCN[C@H](C)Cc1ccc(OC)c(S(N)(=O)=O)c1,408.52,2.34,-7.423967399267399,-6.4547628850618,-6.556999999999997,-5.5329380952380935,-6.492167094891823
CHEMBL53418,DANTHRON,O=C1c2cccc(O)c2C(=O)c2c(O)cccc21,240.21,1.87,-7.33310476190476,-6.534316576479075,-6.521600000000001,-5.571111111111112,-6.4900331123737365
CHEMBL517,DISOPYRAMIDE,CC(C)N(CCC(C(N)=O)(c1ccccc1)c1ccccn1)C(C)C,339.48,3.36,-7.365124242424245,-6.149972762810665,-6.817933333333331,-5.616173376623376,-6.487300928797905
CHEMBL898,DIFLUNISAL,O=C(O)c1cc(-c2ccc(F)cc2F)ccc1O,250.2,3.04,-7.656321367521368,-6.249190482464394,-6.608000000000005,-5.390252136752135,-6.475940996684476
CHEMBL27193,DILEVALOL,C[C@H](CCc1ccccc1)NC[C@H](O)c1ccc(O)c(C(N)=O)c1,328.41,2.14,-7.253865018315021,-6.263463653771791,-6.756333333333334,-5.628187246087247,-6.475462312876848
CHEMBL1079,TIZANIDINE,Clc1ccc2nsnc2c1NC1=NCCN1,253.72,1.72,-6.979624542124543,-6.436219059449323,-6.256344444444441,-6.226749999999994,-6.474734511504575
CHEMBL885,EMTRICITABINE,Nc1nc(=O)n([C@@H]2CS[C@H](CO)O2)cc1F,247.25,-0.46,-7.0833357142857105,-6.76767590055508,-6.021831141081144,-6.017166666666668,-6.47250235564715
CHEMBL1043,DAPSONE,Nc1ccc(S(=O)(=O)c2ccc(N)cc2)cc1,248.31,1.68,-7.472195670995668,-6.290338525277614,-6.772333333333331,-5.335724358974359,-6.467647972145244
CHEMBL154,NAPROXEN,COc1ccc2cc([C@H](C)C(=O)O)ccc2c1,230.26,3.04,-7.476123809523812,-6.280789044323272,-6.671000000000004,-5.40811192973693,-6.459006195896004
CHEMBL862,GUANFACINE,N=C(N)NC(=O)Cc1c(Cl)cccc1Cl,246.1,1.55,-7.263428571428574,-6.375898128984542,-6.246306595365416,-5.900505952380956,-6.446534812039872
CHEMBL590,MENADIONE,CC1=CC(=O)c2ccccc2C1=O,172.18,2.01,-7.128438095238097,-6.325730758164985,-6.824333333333335,-5.50513141025641,-6.445908399248207
CHEMBL129,ZIDOVUDINE,Cc1cn([C@H]2C[C@H](N=[N+]=[N-])[C@@H](CO)O2)c(=O)[nH]c1=O,267.24,-0.2,-7.1227296536796505,-6.731781368631367,-6.063724358974358,-5.84802380952381,-6.441564797702297
CHEMBL945,AMILORIDE,N=C(N)NC(=O)c1nc(Cl)c(N)nc1N,229.63,-1.08,-7.064047619047621,-6.440984346847347,-6.15422399626517,-6.106833333333336,-6.441522323873368
CHEMBL70972,SERATRODAST,CC1=C(C)C(=O)C(C(CCCCCC(=O)O)c2ccccc2)=C(C)C1=O,354.45,4.61,-7.484771428571427,-6.147993560606059,-6.785,-5.345399475524475,-6.44079111617549
CHEMBL290960,NIFURTIMOX,CC1CS(=O)(=O)CCN1/N=C/c1ccc([N+](=O)[O-])o1,287.3,0.64,-7.054317748917745,-6.591274176548089,-6.1957103174603185,-5.896000000000003,-6.434325560731539
CHEMBL934,METYRAPONE,CC(C)(C(=O)c1cccnc1)c1cccnc1,226.28,2.64,-7.260580952380951,-6.2418751367332765,-6.700999999999999,-5.525223834498832,-6.432169980903264
CHEMBL917,FLOXURIDINE,O=c1[nH]c(=O)n([C@H]2C[C@H](O)[C@@H](CO)O2)cc1F,246.19,-1.68,-7.165335714285711,-6.646510307084221,-6.025648601398602,-5.8871666666666655,-6.4311653223588
CHEMBL1070,NABUMETONE,COc1ccc2cc(CCC(C)=O)ccc2c1,228.29,3.37,-7.51912380952381,-6.212881107815336,-6.630000000000001,-5.361207167832167,-6.430803021292829
CHEMBL15677,FENCLOFENAC,O=C(O)Cc1ccccc1Oc1ccc(Cl)cc1Cl,297.14,4.41,-7.54667851037851,-6.129589688813597,-6.521999999999999,-5.52289393939394,-6.430290534646511
CHEMBL686,MEFENAMIC ACID,Cc1cccc(Nc2ccccc2C(=O)O)c1C,241.29,3.75,-7.221157875457873,-6.17151675631716,-6.759416666666668,-5.553098834498835,-6.426297533235134
CHEMBL752,ADENOSINE PHOSPHATE,Nc1ncnc2c1ncn2[C@@H]1O[C@H](COP(=O)(O)O)[C@@H](O)[C@H]1O,347.22,-1.86,-7.105286879786876,-6.606942832167831,-6.04167491201609,-5.943458333333333,-6.424340739326032
CHEMBL594,EMEDASTINE,CCOCCn1c(N2CCCN(C)CC2)nc2ccccc21,302.42,2.21,-6.44396428571428,-7.008953812316715,-6.237532967032963,-6.002499999999997,-6.423237766265989
CHEMBL788,IDOXURIDINE,O=c1[nH]c(=O)n([C@H]2C[C@H](O)[C@@H](CO)O2)cc1I,354.1,-1.22,-7.182335714285711,-6.591910307084221,-6.023648601398602,-5.880166666666667,-6.4195153223588
CHEMBL14370,REBOXETINE,CCOc1ccccc1OC(c1ccccc1)C1CNCCO1,313.4,3.19,-7.500395970695971,-6.184229340104338,-6.455333333333332,-5.5329999999999995,-6.418239661033411
CHEMBL651,METHADONE,CCC(=O)C(CC(C)N(C)C)(c1ccccc1)c1ccccc1,309.45,4.29,-7.5721047619047654,-6.048092923929741,-6.777,-5.268680519480517,-6.416469551328756
CHEMBL511,PYRILAMINE,COc1ccc(CN(CCN(C)C)c2ccccn2)cc1,285.39,2.66,-7.5146666666666695,-6.161623984535802,-6.6083333333333325,-5.375999999999998,-6.415155996133951
CHEMBL777,CLAVULANIC ACID,O=C(O)[C@H]1/C(=C/CO)O[C@@H]2CC(=O)N21,199.16,-1.1,-7.163643939393937,-6.4935487345987335,-6.029144078144079,-5.959788961038962,-6.411531428293928
CHEMBL888,GEMCITABINE,Nc1ccn([C@@H]2O[C@H](CO)[C@@H](O)C2(F)F)c(=O)n1,263.2,-1.29,-7.210764285714282,-6.5468744401733545,-5.927627359568538,-5.903613095238095,-6.397219795173568
CHEMBL75435,DEXKETOPROFEN,C[C@H](C(=O)O)c1cccc(C(=O)c2ccccc2)c1,254.29,3.11,-7.479438095238095,-6.140596987105128,-6.771000000000003,-5.192925116550115,-6.395990049723334
CHEMBL571,KETOPROFEN,CC(C(=O)O)c1cccc(C(=O)c2ccccc2)c1,254.29,3.11,-7.479438095238095,-6.140596987105128,-6.771000000000003,-5.192925116550115,-6.395990049723334
CHEMBL141,LAMIVUDINE,Nc1ccn([C@@H]2CS[C@H](CO)O2)c(=O)n1,229.26,-0.59,-6.913062987012983,-6.667136824924827,-6.11849780774781,-5.866738095238097,-6.391358928730929
CHEMBL46917,CARBARIL,CNC(=O)Oc1cccc2ccccc12,201.22,2.56,-7.3626904761904735,-6.159957027728754,-6.481999999999999,-5.545069541569542,-6.387429261372192
CHEMBL713,ENTECAVIR ANHYDROUS,C=C1[C@H](CO)[C@@H](O)C[C@@H]1n1cnc2c(=O)[nH]c(N)nc21,277.28,-0.83,-6.689320970695969,-6.734675346789434,-6.12033547008547,-6.0028571428571444,-6.386797232607005
CHEMBL1003,CLAVULANATE POTASSIUM,O=C([O-])[C@H]1/C(=C/CO)O[C@@H]2CC(=O)N21.[K+],237.25,-1.1,-7.081643939393936,-6.495326512376511,-6.015015873015875,-5.938788961038963,-6.3826938214563205
CHEMBL647,APRACLONIDINE,Nc1cc(Cl)c(N=C2NCCN2)c(Cl)c1,245.11,1.76,-6.82621428571429,-6.298180373859551,-6.218535353535352,-6.176999999999998,-6.379982503277297
CHEMBL313972,MASOPROCOL,C[C@H](Cc1ccc(O)c(O)c1)[C@@H](C)Cc1ccc(O)c(O)c1,302.37,3.57,-7.576115018315018,-6.2606365072729195,-6.464666666666666,-5.204371392496395,-6.376447396187749
CHEMBL18116,TOLOXATONE,Cc1cccc(N2CC(CO)OC2=O)c1,207.23,1.31,-7.015726190476188,-6.535514375936101,-6.139376319758675,-5.75148051948052,-6.360524351412871
CHEMBL1090,VIDARABINE,Nc1ncnc2c1ncn2[C@@H]1O[C@H](CO)[C@@H](O)[C@@H]1O,267.25,-1.98,-7.094286879786875,-6.564828546453544,-6.016803117144295,-5.752315476190472,-6.357058504893796
CHEMBL926,DOBUTAMINE,CC(CCc1ccc(O)cc1)NCCc1ccc(O)c(O)c1,301.39,2.96,-7.562698351648351,-6.140252541432119,-6.574222222222225,-5.122483405483406,-6.349914130196526
CHEMBL32800,FENOTEROL,CC(Cc1ccc(O)cc1)NCC(O)c1cc(O)cc(O)c1,303.36,2.06,-7.543871428571428,-6.2241170628284745,-6.472222222222221,-5.1542741147741165,-6.348621207099061
CHEMBL1004,DOXYLAMINE,CN(C)CCOC(C)(c1ccccc1)c1ccccn1,270.38,2.92,-7.539243290043291,-5.968338336126237,-6.665333333333332,-5.205200000000001,-6.344528739875716
CHEMBL817,TOLAZAMIDE,Cc1ccc(S(=O)(=O)NC(=O)NN2CCCCCC2)cc1,311.41,1.77,-6.238546031746032,-6.7654168278099895,-6.509555555555553,-5.863714285714286,-6.344308175206466
CHEMBL960,LEFLUNOMIDE,Cc1oncc1C(=O)Nc1ccc(C(F)(F)F)cc1,270.21,3.25,-7.0239004329004295,-6.36504615596392,-6.2425323010322975,-5.739644938394934,-6.342780957072896
CHEMBL615,PENICILLIN V,CC1(C)S[C@@H]2[C@H](NC(=O)COc3ccccc3)C(=O)N2[C@H]1C(=O)O,350.4,0.7,-6.9609502164502235,-6.22351755189255,-6.382971428571426,-5.791805860805863,-6.339811264430016
CHEMBL530,AMDINOCILLIN,CC1(C)S[C@@H]2[C@H](/N=C/N3CCCCCC3)C(=O)N2[C@H]1C(=O)O,325.43,1.41,-6.694166666666669,-6.568648178244903,-6.16901587301587,-5.922249999999998,-6.3385201794818595
CHEMBL866,MYCOPHENOLIC ACID,COc1c(C)c2c(c(O)c1C/C=C(\C)CCC(=O)O)C(=O)OC2,320.34,2.73,-7.012333333333332,-6.611592673992672,-5.838294871794873,-5.8880357142857145,-6.337564148351648
CHEMBL900,ORPHENADRINE,Cc1ccccc1C(OCCN(C)C)c1ccccc1,269.39,3.66,-7.597891641691644,-5.979138336126238,-6.714666666666667,-5.0565244755244745,-6.3370552800022555
CHEMBL134,CLONIDINE,Clc1cccc(Cl)c1NC1=NCCN1,230.1,2.36,-6.774976190476195,-6.225788553837468,-6.250090909090904,-6.086999999999998,-6.334463913351142
CHEMBL148,IMIPENEM ANHYDROUS,C[C@@H](O)[C@H]1C(=O)N2C(C(=O)O)=C(SCCNC=N)C[C@H]12,299.35,-0.18,-6.853358225108225,-6.554881166056163,-6.0049615384615365,-5.914693722943724,-6.331973663142412
CHEMBL306700,VILOXAZINE,CCOc1ccccc1OCC1CNCCO1,237.3,1.45,-7.368485714285713,-5.979180272692089,-6.490333333333333,-5.457999999999999,-6.323999830077783
CHEMBL107,COLCHICINE,COc1cc2c(c(OC)c1OC)-c1ccc(OC)c(=O)cc1[C@@H](NC(C)=O)CC2,399.44,2.87,-6.792669047619046,-6.514769139194137,-6.136239316239316,-5.8379318181818185,-6.320402330308579
CHEMBL575,METHICILLIN,COc1cccc(OC)c1C(=O)N[C@@H]1C(=O)N2[C@@H]1SC(C)(C)[C@@H]2C(=O)O,380.42,0.95,-6.833878787878794,-6.289228266178265,-6.313782352941173,-5.838019425019424,-6.318727208004415
CHEMBL637,VENLAFAXINE,COc1ccc(C(CN(C)C)C2(O)CCCCC2)cc1,277.41,3.04,-7.29557142857143,-6.0179712067580216,-6.665,-5.288571428571427,-6.316778515975219
CHEMBL853,ZALCITABINE,Nc1ccn([C@H]2CC[C@@H](CO)O2)c(=O)n1,211.22,-0.5,-6.847329653679652,-6.497501110639112,-6.102497807747809,-5.8167380952380965,-6.316016666826168
CHEMBL942,BISACODYL,CC(=O)Oc1ccc(C(c2ccc(OC(C)=O)cc2)c2ccccn2)cc1,361.4,4.11,-7.3056666666666645,-6.244998844935257,-6.428999999999999,-5.268041666666664,-6.311926794567146
CHEMBL158,AZTREONAM,C[C@H]1[C@H](NC(=O)/C(=N\OC(C)(C)C(=O)O)c2csc(N)n2)C(=O)N1S(=O)(=O)O,435.44,-1.17,-6.854095238095241,-6.468207293431208,-6.0972697838109635,-5.818047202797202,-6.309404879533654
CHEMBL657,DIPHENHYDRAMINE,CN(C)CCOC(c1ccccc1)c1ccccc1,255.36,3.35,-7.562814718614721,-5.913814785401602,-6.698333333333332,-5.017524475524475,-6.298121828218532
CHEMBL880,FAMCICLOVIR,CC(=O)OCC(CCn1cnc2cnc(N)nc21)COC(C)=O,321.34,0.54,-6.746888888888887,-6.699565800865798,-5.991543891402716,-5.742097527472527,-6.295024027157482
CHEMBL1082,AMOXICILLIN,CC1(C)S[C@@H]2[C@H](NC(=O)[C@H](N)c3ccc(O)cc3)C(=O)N2[C@H]1C(=O)O,365.41,0.02,-6.790307359307364,-6.282017551892551,-6.308226797385617,-5.771201243201244,-6.287938237946694
CHEMBL130,CHLORAMPHENICOL,O=C(N[C@H](CO)[C@H](O)c1ccc([N+](=O)[O-])cc1)C(Cl)Cl,323.13,0.91,-6.8568198412698385,-6.34233147480539,-6.239219421101771,-5.679288961038963,-6.279414924553991
CHEMBL806,FLUTAMIDE,CC(C)C(=O)Nc1ccc([N+](=O)[O-])c(C(F)(F)F)c1,276.21,3.21,-6.6591073593073595,-6.465317990529808,-6.2662417027416994,-5.720978271728273,-6.277911331076785
CHEMBL22242,REMOXIPRIDE,CCN1CCC[C@H]1CNC(=O)c1c(OC)ccc(Br)c1OC,371.28,2.68,-6.674482539682539,-6.4752256466765505,-6.083478729603728,-5.876714285714285,-6.277475300419276
CHEMBL818,IOBENGUANE,N=C(N)NCc1cccc(I)c1,275.09,1.27,-7.2580952380952395,-6.151332347543762,-6.131003427944603,-5.5356309246309285,-6.269015484553633
CHEMBL499,TIMOLOL,CC(C)(C)NC[C@H](O)COc1nsnc1N1CCOCC1,316.43,0.5,-6.743963492063489,-6.50240357921648,-6.113295787545786,-5.702964285714288,-6.265656786135011
CHEMBL19490,ZOMEPIRAC,Cc1cc(CC(=O)O)n(C)c1C(=O)c1ccc(Cl)cc1,291.73,2.85,-7.092476923076921,-6.377372921716085,-5.907093074409249,-5.670705627705629,-6.261912136726972
CHEMBL962,EPOPROSTENOL SODIUM,CCCCC[C@H](O)/C=C/[C@@H]1[C@H]2C/C(=C/CCCC(=O)[O-])O[C@H]2C[C@H]1O.[Na+],374.45,3.41,-6.9703939393939365,-6.408548459873461,-5.903361111111113,-5.746301587301589,-6.257151274420025
CHEMBL813,EPROSARTAN,CCCCc1ncc(/C=C(\Cc2cccs2)C(=O)O)n1Cc1ccc(C(=O)O)cc1,424.52,4.74,-6.832999999999998,-6.532957575757575,-6.078831986640807,-5.573515873015876,-6.254576358853564
CHEMBL857,BIOTIN,O=C(O)CCCC[C@@H]1SC[C@@H]2NC(=O)N[C@@H]21,244.32,0.8,-6.739412698412698,-6.460598831637916,-5.90333547008547,-5.908556818181816,-6.252975954579474
CHEMBL106,FLUCONAZOLE,OC(Cn1cncn1)(Cn1cncn1)c1ccc(F)cc1F,306.28,0.74,-6.777024542124536,-6.532680240659414,-6.174708947425123,-5.508564510489509,-6.248244560174646
CHEMBL750,ZONISAMIDE,NS(=O)(=O)Cc1noc2ccccc12,212.23,0.62,-6.849155844155842,-6.426997621006442,-5.984947748330102,-5.725331177156173,-6.24660809766214
CHEMBL803,CYTARABINE,Nc1ccn([C@@H]2O[C@H](CO)[C@@H](O)[C@@H]2O)c(=O)n1,243.22,-2.56,-6.866658225108223,-6.444819678268593,-5.928303117144294,-5.734470238095238,-6.243562814654086
CHEMBL641,ATOMOXETINE,CNCC[C@@H](Oc1ccccc1C)c1ccccc1,255.36,3.72,-7.290931684981689,-5.820236988011988,-6.530333333333334,-5.330932167832168,-6.243108543539796
CHEMBL550,PILOCARPINE,CC[C@@H]1C(=O)OC[C@@H]1Cc1cncn1C,208.26,1.16,-6.749928571428566,-6.555556623302262,-6.0536794316794325,-5.599717532467532,-6.239720539719449
CHEMBL85231,MEDIFOXAMINE,CN(C)CC(Oc1ccccc1)Oc1ccccc1,257.33,3.03,-7.267195670995673,-6.0410264853503985,-6.509333333333331,-5.135909090909092,-6.238366145147124
CHEMBL631,PROPAFENONE,CCCNCC(O)COc1ccccc1C(=O)CCc1ccccc1,341.45,3.24,-7.358384065934067,-5.871667464514193,-6.301000000000004,-5.386238095238094,-6.22932240642159
CHEMBL83063,RITODRINE,CC(NCCc1ccc(O)cc1)C(O)c1ccc(O)cc1,287.36,2.35,-7.5240214285714275,-5.892870506800087,-6.387222222222223,-5.112864815739816,-6.229244743333388
CHEMBL535,SUNITINIB,CCN(CC)CCNC(=O)c1c(C)[nH]c(/C=C2\C(=O)Nc3ccc(F)cc32)c1C,398.48,3.33,-6.69474358974359,-6.690505311355313,-5.71401288515406,-5.803333333333331,-6.225648779896574
CHEMBL991,STAVUDINE,Cc1cn([C@H]2C=C[C@@H](CO)O2)c(=O)[nH]c1=O,224.22,-0.71,-6.8298582251082225,-6.575481018981019,-5.881611486552664,-5.599053155178157,-6.221500971455016
CHEMBL290916,EDARAVONE,CC1=NN(c2ccccc2)C(=O)C1,174.2,1.8,-6.49512132034632,-6.451864375936106,-6.168941765424116,-5.751623376623374,-6.216887709582479
CHEMBL70046,SORIVUDINE,O=c1[nH]c(=O)n([C@@H]2O[C@H](CO)[C@@H](O)[C@@H]2O)cc1/C=C/Br,349.14,-1.49,-6.91243095238095,-6.469597852871767,-5.862138224520578,-5.6125806277056265,-6.21418691436973
CHEMBL65375,TIPIRACIL HYDROCHLORIDE,Cl.N=C1CCCN1Cc1[nH]c(=O)[nH]c(=O)c1Cl,279.13,0.29,-6.431214285714287,-6.6318759136139125,-5.910606934731934,-5.8366666666666625,-6.2025909501816985
CHEMBL1018,DIENESTROL,C/C=C(C(=C/C)/c1ccc(O)cc1)\c1ccc(O)cc1,266.34,4.6,-7.2017714285714245,-6.0602714884208035,-6.3750000000000036,-5.1321655011655025,-6.192302104539434
CHEMBL48449,CANTHARIDIN,C[C@@]12C(=O)OC(=O)[C@]1(C)[C@H]1CC[C@@H]2O1,196.2,0.64,-6.8891367965367944,-6.25606256243756,-5.855179738562093,-5.730194444444447,-6.182643385495223
CHEMBL1095,ETHOTOIN,CCN1C(=O)NC(c2ccccc2)C1=O,204.23,1.3,-6.432172619047619,-6.35821028917319,-6.210056875314227,-5.710610389610387,-6.177762543286356
CHEMBL810,TEMOZOLOMIDE,Cn1nnc2c(C(N)=O)ncn2c1=O,194.15,-2.08,-6.584673784548779,-6.526763483115471,-5.871323629964805,-5.70608959096459,-6.172212622148411
CHEMBL681,ETOMIDATE,CCOC(=O)c1cncn1[C@H](C)c1ccccc1,244.29,2.67,-6.649407117882114,-6.45340311774984,-6.117085721468071,-5.464989357864357,-6.171221328741096
CHEMBL28318,PROPYPHENAZONE,Cc1c(C(C)C)c(=O)n(-c2ccccc2)n1C,230.31,2.61,-6.613733308358307,-6.389197035480859,-6.015773137973136,-5.663598834498831,-6.170575579077783
CHEMBL765,GUANETHIDINE,N=C(N)NCCN1CCCCCCC1,198.31,0.74,-6.453095238095237,-6.599803750482925,-6.043733003108001,-5.571499999999997,-6.16703299792154
CHEMBL498,CHLORPROPAMIDE,CCCNC(=O)NS(=O)(=O)c1ccc(Cl)cc1,276.75,1.74,-6.465272222222224,-6.241785878927958,-6.220013888888892,-5.706243326118328,-6.15832882903935
CHEMBL1037,GUANADREL,N=C(N)NCC1COC2(CCCCC2)O1,213.28,0.55,-7.128036796536793,-6.013373141478403,-6.029128205128205,-5.425181818181817,-6.148929990331304
CHEMBL113,CAFFEINE,Cn1c(=O)c2c(ncn2C)n(C)c1=O,194.19,-1.03,-6.544423784548778,-6.5853564366531625,-5.820329914529914,-5.63033959096459,-6.145112431674111
CHEMBL152,CIDOFOVIR ANHYDROUS,Nc1ccn(C[C@@H](CO)OCP(=O)(O)O)c(=O)n1,279.19,-1.66,-6.447691955266958,-6.6167001255990385,-5.846392372333549,-5.665613095238095,-6.14409938710941
CHEMBL19236,MOXONIDINE,COc1nc(C)nc(Cl)c1NC1=NCCN1,241.68,0.82,-6.451253968253972,-6.319610613848519,-5.899430165912516,-5.859,-6.132323687003751
CHEMBL937,DIETHYLCARBAMAZINE CITRATE,CCN(CC)C(=O)N1CCN(C)CC1.O=C(O)CC(O)(CC(=O)O)C(=O)O,391.42,0.7,-6.64195238095238,-6.4524226946966055,-5.822955225330223,-5.61125,-6.132145075244802
CHEMBL19449,IBUDILAST,CC(C)C(=O)c1c(C(C)C)nn2ccccc12,230.31,3.3,-6.4158923992673955,-6.503863229859956,-5.93815238813474,-5.663613986013984,-6.130380500819019
CHEMBL727,THIOGUANINE,Nc1nc2[nH]cnc2c(=S)[nH]1,167.2,0.6,-6.481817099567097,-6.31334372644899,-6.155956963298138,-5.5609743589743585,-6.128023037072146
CHEMBL1020,TOLMETIN,Cc1ccc(C(=O)c2ccc(CC(=O)O)n2C)cc1,257.29,2.19,-6.840252272727273,-6.4393762045443665,-5.8730930744092475,-5.3450897186147195,-6.124452817573902
CHEMBL625,THIABENDAZOLE,c1ccc2[nH]c(-c3cscn3)nc2c1,201.25,2.69,-6.4852321428571384,-6.365598917748917,-6.070530165912518,-5.51330769230769,-6.108667229706565
CHEMBL98,VORINOSTAT,O=C(CCCCCCC(=O)Nc1ccccc1)NO,264.32,2.47,-6.585249711399714,-6.113466226736462,-6.20204924242424,-5.521714285714285,-6.105619866568675
CHEMBL288470,AMINOPYRINE,Cc1c(N(C)C)c(=O)n(-c2ccccc2)n1C,231.3,1.55,-6.518757117882116,-6.537877813852815,-5.705093650793646,-5.656282051282049,-6.104502658452656
CHEMBL301265,PRAMIPEXOLE,CCCN[C@H]1CCc2nc(N)sc2C1,211.33,1.58,-6.154512987012987,-6.37250779571306,-6.089544871794872,-5.794249999999995,-6.102703913630228
CHEMBL748,PRALIDOXIME CHLORIDE,C[n+]1ccccc1/C=N/O.[Cl-],172.62,0.32,-6.391382142857142,-6.444301040812856,-6.0804432972256475,-5.492490384615382,-6.102154216377757
CHEMBL93,ZILEUTON,CC(c1cc2ccccc2s1)N(O)C(N)=O,236.3,2.73,-6.523892316017314,-6.434030192030192,-5.868752388134738,-5.581298978798975,-6.101993468745304
CHEMBL11662,OZAGREL,O=C(O)/C=C/c1ccc(Cn2ccnc2)cc1,228.25,2.03,-6.617996861471859,-6.3615971035351,-6.114650836908192,-5.305569444444444,-6.099953561589899
CHEMBL127,MEROPENEM,C[C@@H](O)[C@H]1C(=O)N2C(C(=O)O)=C(S[C@@H]3CN[C@H](C(=O)N(C)C)C3)[C@H](C)[C@H]12,383.47,-0.31,-6.627239285714285,-6.341831654456652,-5.651405982905981,-5.778603174603174,-6.099770024420023
CHEMBL887,RASAGILINE,C#CCN[C@@H]1CCc2ccccc21,171.24,1.9,-6.162312987012987,-6.294145346320347,-6.158878205128205,-5.780090909090904,-6.098856861888111
CHEMBL973,TERIFLUNOMIDE,C/C(O)=C(\C#N)C(=O)Nc1ccc(C(F)(F)F)cc1,270.21,3.0,-6.4048025974025995,-6.08488263911222,-6.198575036075033,-5.632478271728271,-6.08018463607953
CHEMBL137,METRONIDAZOLE,Cc1ncc([N+](=O)[O-])n1CCO,171.16,0.09,-6.38025238095238,-6.332855757507749,-5.939853944911299,-5.6377403846153875,-6.072675616996704
CHEMBL1093,ARTICAINE,CCCNC(C)C(=O)Nc1c(C)csc1C(=O)OC,284.38,2.17,-6.42136349206349,-6.249015253567242,-5.9609519500107755,-5.61847002997003,-6.062450181402885
CHEMBL56337,EPALRESTAT,CC(/C=C1\SC(=S)N(CC(=O)O)C1=O)=C\c1ccccc1,319.41,2.92,-6.653600216450216,-6.246169646390285,-5.887921855921856,-5.461987012987013,-6.0624196829373425
CHEMBL953,ENTACAPONE,CCN(CC)C(=O)/C(C#N)=C/c1cc(O)c(O)c([N+](=O)[O-])c1,305.29,1.78,-6.528154978354978,-6.42590286730178,-5.71857775443511,-5.549485389610389,-6.055530247425565
CHEMBL766,CILASTATIN,CC1(C)C[C@@H]1C(=O)N/C(=C\CCCCSC[C@H](N)C(=O)O)C(=O)O,358.46,1.43,-6.75314632034632,-6.089049404098316,-5.963166666666666,-5.411499999999998,-6.054215597777825
CHEMBL58323,LACOSAMIDE,COC[C@@H](NC(C)=O)C(=O)NCc1ccccc1,250.3,0.45,-6.4380502164502165,-6.1699793144999555,-6.112517094017091,-5.4915722832722835,-6.0530297270598865
CHEMBL894,BUPROPION,CC(NC(C)(C)C)C(=O)c1cccc(Cl)c1,239.75,3.3,-6.442261904761907,-6.054868629351768,-6.095301407742583,-5.60908886946387,-6.050380202830032
CHEMBL918,PHENACEMIDE,NC(=O)NC(=O)Cc1ccccc1,178.19,0.42,-6.566903679653681,-6.008709056221557,-6.116951203208554,-5.501379120879123,-6.048485764990728
CHEMBL778,DEXMEDETOMIDINE,Cc1cccc([C@H](C)c2c[nH]cn2)c1C,200.28,3.18,-6.526309065934063,-6.244794607632513,-6.098892316833492,-5.319464743589743,-6.047365183497453
CHEMBL548,DINOPROSTONE,CCCCC[C@H](O)/C=C/[C@H]1[C@H](O)CC(=O)[C@@H]1C/C=C\CCCC(=O)O,352.47,3.25,-6.732917748917747,-6.119650702799617,-5.84991355866356,-5.4693015873015876,-6.042945899420627
CHEMBL924,ZOLEDRONIC ACID ANHYDROUS,O=P(O)(O)C(O)(Cn1ccnc1)P(=O)(O)O,272.09,-1.12,-6.354663095238095,-6.463232651406563,-5.920629761904762,-5.432791666666667,-6.042829293804022
CHEMBL1051,LATANOPROST,CC(C)OC(=O)CCC/C=C\C[C@@H]1[C@@H](CC[C@@H](O)CCc2ccccc2)[C@H](O)C[C@@H]1O,432.6,4.19,-6.794257431457433,-5.96546343101343,-5.872729797979797,-5.519545454545454,-6.037999028749029
CHEMBL54976,TRYPTOPHAN,N[C@@H](Cc1c[nH]c2ccccc12)C(=O)O,204.23,1.12,-6.663459415584413,-6.117557018553343,-5.928919054801407,-5.435332764457762,-6.036317063349231
CHEMBL1094,FELBAMATE,NC(=O)OCC(COC(N)=O)c1ccccc1,238.24,0.96,-6.851217568542569,-6.071024419360831,-5.900676630558983,-5.321372691197692,-6.036072827415018
CHEMBL861,MEPHENYTOIN,CCC1(c2ccccc2)NC(=O)N(C)C1=O,218.26,1.47,-6.342534740259738,-6.237489254559895,-6.033056875314226,-5.507495634920632,-6.0301441262636235
CHEMBL797,PHENSUXIMIDE,CN1C(=O)CC(c2ccccc2)C1=O,189.21,1.16,-6.362405952380953,-6.219562178857819,-6.018856117738469,-5.513519480519478,-6.028585932374179
CHEMBL628,PENTOXIFYLLINE,CC(=O)CCCCn1c(=O)c2c(ncn2C)n(C)c1=O,278.31,0.19,-6.365362637362637,-6.508547204218928,-5.607141025641023,-5.629196733821736,-6.027561900261081
CHEMBL701,BACLOFEN,NCC(CC(=O)O)c1ccc(Cl)cc1,213.66,1.86,-6.79939285714286,-5.889587453462954,-5.949836761277941,-5.470897727272731,-6.027428699789121
CHEMBL565,CLOFIBRATE,CCOC(=O)C(C)(C)Oc1ccc(Cl)cc1,242.7,3.06,-6.694773015873014,-6.093194730303955,-5.685906205722387,-5.625415764790765,-6.02482242917253
CHEMBL923,RISEDRONIC ACID,O=P(O)(O)C(O)(Cc1cccnc1)P(=O)(O)O,283.11,-0.37,-6.525354653679654,-6.344783384007297,-5.943766889483068,-5.260706890331891,-6.018652954375478
CHEMBL753,PHENOXYBENZAMINE,CC(COc1ccccc1)N(CCCl)Cc1ccccc1,303.83,4.19,-7.493723809523813,-5.57240794224476,-6.244333333333333,-4.759524475524476,-6.017497390156596
CHEMBL744,RILUZOLE,Nc1nc2ccc(OC(F)(F)F)cc2s1,234.2,2.78,-6.531055194805188,-6.275176923076926,-5.593828205128207,-5.643307692307693,-6.010842003829504
CHEMBL697,METHSUXIMIDE,CN1C(=O)CC(C)(c2ccccc2)C1=O,203.24,1.33,-6.355133225108224,-6.267219321714959,-6.002394579276931,-5.417623376623373,-6.0105926256808715
CHEMBL606,MISOPROSTOL,CCCCC(C)(O)C/C=C/[C@H]1[C@H](O)CC(=O)[C@@H]1CCCCCCC(=O)OC,382.54,3.95,-6.552196825396825,-6.1438297321036455,-5.859538558663561,-5.479666666666669,-6.008807945707676
CHEMBL76370,TEGASEROD,CCCCCNC(=N)N/N=C/c1c[nH]c2ccc(OC)cc12,301.39,2.81,-6.490314285714282,-6.2222509984639025,-5.828641277023629,-5.450549206349207,-5.997938941887755
CHEMBL770,TOLAZOLINE,c1ccc(CC2=NCCN2)cc1,160.22,1.23,-6.346785714285716,-5.981335973084888,-6.063594114219113,-5.596181818181815,-5.9969744049428835
CHEMBL501,AMPHETAMINE SULFATE,CC(N)Cc1ccccc1.O=S(=O)(O)O,233.29,1.58,-6.566034235209238,-6.2073274316263465,-5.988176630558981,-5.210134829059829,-5.992918281613599
CHEMBL17860,LOFEXIDINE,CC(Oc1c(Cl)cccc1Cl)C1=NCCN1,259.14,2.76,-6.601777777777778,-6.036655220504133,-5.698999999999997,-5.6101818181818155,-5.986903704115931
CHEMBL782,TOLBUTAMIDE,CCCCNC(=O)NS(=O)(=O)c1ccc(C)cc1,270.35,1.78,-6.038235425685426,-6.314632231850397,-6.186013888888892,-5.407694741369741,-5.986644071948614
CHEMBL642,ACEBUTOLOL,CCCC(=O)Nc1ccc(OCC(O)CNC(C)C)c(C(C)=O)c1,336.43,2.37,-6.43688751803752,-6.0656583929958945,-5.871817460317462,-5.536011904761907,-5.977593819028196
CHEMBL589,ROPINIROLE,CCCN(CCC)CCc1cccc2c1CC(=O)N2,260.38,2.85,-6.061970129870126,-6.413240209253111,-5.6864337606837605,-5.702488095238095,-5.966033048761274
CHEMBL21536,XANOMELINE,CCCCCCOc1nsnc1C1=CCCN(C)C1,281.42,3.22,-6.112270634920635,-6.308337079773894,-6.004087454212449,-5.432027777777777,-5.964180736671189
CHEMBL956,SUPROFEN,CC(C(=O)O)c1ccc(C(=O)c2cccs2)cc1,260.31,3.17,-6.741629473304472,-6.063603719261858,-5.824225650166826,-5.211452894327891,-5.960227934265262
CHEMBL905,RIZATRIPTAN,CN(C)CCc1c[nH]c2ccc(Cn3cncn3)cc12,269.35,1.91,-6.181757575757575,-6.619566799329704,-5.69230196078431,-5.340611111111109,-5.9585593617456745
CHEMBL815,DINOPROST,CCCCC[C@H](O)/C=C/[C@@H]1[C@@H](C/C=C\CCCC(=O)O)[C@@H](O)C[C@H]1O,354.49,3.04,-6.733251082251082,-5.968717369466284,-5.867219114219114,-5.260301587301587,-5.957372288309517
CHEMBL30219,METHOHEXITAL SODIUM,C=CCC1(C(C)C#CCC)C(=O)N=C([O-])N(C)C1=O.[Na+],284.29,1.31,-6.444876406926408,-6.447973967799864,-5.577876996859349,-5.295692135642132,-5.941604876806938
CHEMBL19299,LOXOPROFEN,CC(C(=O)O)c1ccc(CC2CCCC2=O)cc1,246.31,2.79,-6.520746320346323,-6.026617143874879,-5.758358003108003,-5.445835678210678,-5.937889286384971
CHEMBL294199,CAPSAICIN,COc1cc(CNC(=O)CCCC/C=C/C(C)C)ccc1O,305.42,3.79,-6.425420851370854,-6.187718873552013,-5.696335594144419,-5.4339314019314005,-5.935851680249671
CHEMBL1009,LEVODOPA,N[C@@H](Cc1ccc(O)c(O)c1)C(=O)O,197.19,0.05,-6.670747835497837,-6.281937270398683,-5.6467661136249365,-5.112362950937953,-5.927953542614852
CHEMBL704,MESALAMINE,Nc1ccc(O)c(C(=O)O)c1,153.14,0.67,-6.610215692640694,-6.106034540526219,-5.71931453905572,-5.257307692307693,-5.923218116132581
CHEMBL112,ACETAMINOPHEN,CC(=O)Nc1ccc(O)cc1,151.16,1.35,-6.091389393939395,-6.107944815008219,-6.024408369408372,-5.4622282717282715,-5.921492712521065
CHEMBL944,CHLOROPROCAINE HYDROCHLORIDE,CCN(CC)CCOC(=O)c1ccc(N)cc1Cl.Cl,307.22,2.42,-6.549456349206351,-5.9114008644800435,-5.59615179738562,-5.62482142857143,-5.920457609910861
CHEMBL289480,RILMENIDINE,C1COC(NC(C2CC2)C2CC2)=N1,180.25,1.15,-6.598870129870127,-5.841792211297474,-5.832083333333333,-5.3811818181818145,-5.913481873170687
CHEMBL87493,FENFLURAMINE,CCNC(C)Cc1cccc(C(F)(F)F)c1,231.26,3.25,-6.28593354978355,-5.994865763590078,-6.054225650166825,-5.2692440115440125,-5.9010672437711165
CHEMBL73234,CARBETAPENTANE,CCN(CC)CCOCCOC(=O)C1(c2ccccc2)CCCC1,333.47,3.4,-6.442736796536795,-6.056659256872159,-5.700669871794871,-5.365999999999998,-5.891516481300956
CHEMBL500,PINDOLOL,CC(C)NCC(O)COc1cccc2[nH]ccc12,248.33,1.91,-6.436691558441555,-5.943899794112696,-5.708079185520365,-5.458718298368297,-5.886847209110728
CHEMBL16073,PHENACETIN,CCOc1ccc(NC(C)=O)cc1,179.22,2.04,-6.054190981240981,-6.013331117594521,-6.0418111471861495,-5.422904012654013,-5.883059314668916
CHEMBL877,TRANEXAMIC ACID,NC[C@H]1CC[C@H](C(=O)O)CC1,157.21,0.84,-6.461479653679653,-5.86038997177797,-6.038219114219117,-5.149875,-5.8774909349191855
CHEMBL902,FAMOTIDINE,NC(N)=Nc1nc(CSCC/C(N)=N/S(N)(=O)=O)cs1,337.46,-0.77,-6.070523809523813,-6.129175280913285,-5.807690296631477,-5.497777777777777,-5.876291791211588
CHEMBL762,OXYMETAZOLINE,Cc1cc(C(C)(C)C)c(O)c(C)c1CC1=NCCN1,260.38,2.85,-6.131123809523813,-6.103472518610423,-5.81264966977467,-5.4241818181818156,-5.86785695402268
CHEMBL940,GABAPENTIN,NCC1(CC(=O)O)CCCCC1,171.24,1.37,-6.470479653679655,-5.870148900349399,-5.935844114219115,-5.1321249999999985,-5.852149417062042
CHEMBL1029,MIGLUSTAT,CCCCN1C[C@H](O)[C@@H](O)[C@H](O)[C@H]1CO,219.28,-1.45,-6.336488383838384,-6.153813859087774,-5.832975427350427,-5.080571428571428,-5.850962274712003
CHEMBL897,PROBENECID,CCCN(CCC)S(=O)(=O)c1ccc(C(=O)O)cc1,285.37,2.2,-6.4835330447330435,-5.9835803426042515,-5.662632575757575,-5.2308845238095225,-5.840157621726098
CHEMBL925,TYROSINE,N[C@@H](Cc1ccc(O)cc1)C(=O)O,181.19,0.35,-6.590335425685429,-5.958651739177241,-5.630766113624937,-5.12605826950827,-5.826452886998969
CHEMBL684,DIETHYLCARBAMAZINE,CCN(CC)C(=O)N1CCN(C)CC1,199.3,0.7,-5.751261904761907,-6.28781279090487,-5.808026653901651,-5.449916666666664,-5.824254504058772
CHEMBL714,ALBUTEROL,CC(C)(C)NCC(O)c1ccc(O)c(CO)c1,239.31,1.31,-6.273483549783549,-6.103479805104119,-5.740274610356965,-5.1780491508491515,-5.823821779023446
CHEMBL1002,LEVOSALBUTAMOL,CC(C)(C)NC[C@H](O)c1ccc(O)c(CO)c1,239.31,1.31,-6.273483549783549,-6.103479805104119,-5.740274610356965,-5.1780491508491515,-5.823821779023446
CHEMBL640,PROCAINAMIDE,CCN(CC)CCNC(=O)c1ccc(N)cc1,235.33,1.34,-5.885093073593075,-5.989025460843631,-5.912055778371951,-5.4839642857142845,-5.817534649630735
CHEMBL605,PROCAINAMIDE HYDROCHLORIDE,CCN(CC)CCNC(=O)c1ccc(N)cc1.Cl,271.79,1.34,-5.848093073593074,-5.968025460843631,-5.907055778371951,-5.540964285714284,-5.816034649630735
CHEMBL521,IBUPROFEN,CC(C)Cc1ccc(C(C)C(=O)O)cc1,206.28,3.07,-6.342660930735932,-5.802873102656239,-5.864725650166828,-5.1758812659562645,-5.796535237378816
CHEMBL814,FLUVOXAMINE,COCCCC/C(=N\OCCN)c1ccc(C(F)(F)F)cc1,318.34,3.2,-6.305104978354981,-5.860524590753766,-5.8375906862745115,-5.140690384615386,-5.785977659999661
CHEMBL980,GUAIFENESIN,COc1ccccc1OCC(O)CO,198.22,0.43,-6.490995346320344,-5.974444888444886,-5.578109963892318,-5.091165709290709,-5.783678976987065
CHEMBL671,THIOTEPA,S=P(N1CC1)(N1CC1)N1CC1,189.22,0.16,-5.827762987012988,-6.233341052070228,-5.877032967032968,-5.194999999999996,-5.783284251529045
CHEMBL679,EPINEPHRINE,CNC[C@H](O)c1ccc(O)c(O)c1,183.21,0.35,-6.293912121212117,-6.0420604321525095,-5.70496807440925,-5.03457575757576,-5.768879096337409
CHEMBL776,METAPROTERENOL,CC(C)NCC(O)c1cc(O)cc(O)c1,211.26,1.13,-6.196753391053389,-6.050317411941726,-5.707723629964807,-5.095445110445111,-5.762559885851259
CHEMBL1024,IFOSFAMIDE,O=P1(NCCCl)OCCCN1CCCl,261.09,1.88,-6.445028571428569,-5.90418683251957,-5.6988632478632475,-4.981,-5.757269662952847
CHEMBL546,OXPRENOLOL,C=CCOc1ccccc1OCC(O)CNC(C)C,265.35,1.99,-6.194900505050505,-5.9515628893507895,-5.632185721468079,-5.240309440559441,-5.754739639107203
CHEMBL730,NITROGLYCERIN,O=[N+]([O-])OCC(CO[N+](=O)[O-])O[N+](=O)[O-],227.08,-1.02,-6.386207828282823,-5.932008841882757,-5.7253131313131345,-4.938698809523809,-5.745557152750631
CHEMBL677,LEVONORDEFRIN,C[C@H](N)[C@H](O)c1ccc(O)c(O)c1,183.21,0.48,-6.250675216450215,-6.16237525205483,-5.62076807440925,-4.947433954933956,-5.745313124462063
CHEMBL15891,LINDANE,Cl[C@H]1[C@H](Cl)[C@@H](Cl)[C@@H](Cl)[C@H](Cl)[C@H]1Cl,290.83,3.64,-6.3038571428571455,-5.839976304975218,-5.773268133826961,-5.0609743589743585,-5.744518985158421
CHEMBL533,IBUTILIDE,CCCCCCCN(CC)CCCC(O)c1ccc(NS(C)(=O)=O)cc1,384.59,4.16,-5.855454978354978,-5.948915860057939,-5.709047258297258,-5.430285714285711,-5.735925952748971
CHEMBL61006,PHENYLPROPANOLAMINE,CC(N)C(O)c1ccccc1,151.21,1.07,-6.222854870129871,-5.847138094037409,-5.83785238813474,-5.035555652680652,-5.735850251245668
CHEMBL278020,NEOSTIGMINE,CN(C)C(=O)Oc1cccc([N+](C)(C)C)c1,223.3,1.94,-6.138022041847041,-6.008343717580534,-5.418503427944604,-5.368511488511489,-5.733345168970917
CHEMBL524,METHOXAMINE,COc1ccc(OC)c(C(O)C(C)N)c1,211.26,1.08,-6.262643470418469,-6.0367942996738755,-5.57254585218703,-5.047793747918749,-5.729944342549531
CHEMBL128,SUMATRIPTAN,CNS(=O)(=O)Cc1ccc2[nH]cc(CCN(C)C)c2c1,295.41,1.32,-5.982666666666665,-6.088134076496981,-5.406245852187027,-5.406199999999999,-5.7208116488376675
CHEMBL768,ESMOLOL,COC(=O)CCc1ccc(OCC(O)CNC(C)C)cc1,295.38,1.53,-6.417406565656567,-5.740959983072483,-5.492001407742588,-5.203865384615387,-5.713558335271756
CHEMBL526,PROPOFOL,CC(C)c1cccc(C(C)C)c1O,178.27,3.64,-6.1007752164502165,-5.955323869373184,-5.684325650166829,-5.079123834498835,-5.704887142622267
CHEMBL558,MEXILETINE,Cc1cccc(C)c1OCC(C)N,179.26,2.03,-6.109660137085136,-5.883344131719533,-5.7219125188536974,-5.060087218337219,-5.693751001498897
CHEMBL971,PENTOBARBITAL SODIUM,CCCC(C)C1(CC)C(=O)N=C([O-])NC1=O.[Na+],248.26,1.18,-6.13466926406926,-5.824702432390833,-5.5438055555555525,-5.21870346320346,-5.680470178804777
CHEMBL600,ACETYLCYSTEINE,CC(=O)N[C@@H](CS)C(=O)O,163.2,-0.49,-6.232844733044731,-5.7183172100967905,-5.699050240609061,-5.047052442002442,-5.674316156438256
CHEMBL56021,LEVACETYLLEUCINE,CC(=O)N[C@@H](CC(C)C)C(=O)O,173.21,0.62,-6.186895238095235,-5.688486842511162,-5.698216907275729,-5.091564346764345,-5.666290833661618
CHEMBL812,PYRIDOSTIGMINE BROMIDE,CN(C)C(=O)Oc1ccc[n+](C)c1.[Br-],261.12,0.57,-6.09990992063492,-5.997157928369745,-5.315912518853692,-5.232901098901096,-5.661470366689863
CHEMBL569,PROCAINE,CCN(CC)CCOC(=O)c1ccc(N)cc1,236.31,1.77,-6.166131457431459,-5.729291394909563,-5.559648629964808,-5.176821428571429,-5.657973227719315
CHEMBL636,RIVASTIGMINE,CCN(C)C(=O)Oc1cccc([C@H](C)N(C)C)c1,250.34,2.76,-6.076826803751803,-5.950721901045814,-5.406170094611272,-5.158725829725828,-5.6481111572836795
CHEMBL1025,ISOFLUROPHATE,CC(C)OP(=O)(F)OC(C)C,184.15,2.91,-6.0919777777777755,-5.71215980963481,-5.651639928698754,-5.034776612276612,-5.622638532096988
CHEMBL754,FOSCARNET SODIUM,O=C([O-])P(=O)([O-])[O-].[Na+].[Na+].[Na+],191.95,-0.16,-6.177461796536794,-5.783318762517677,-5.724257575757579,-4.800152777777775,-5.621297728147456
CHEMBL314854,FINGOLIMOD,CCCCCCCCc1ccc(CCC(N)(CO)CO)cc1,307.48,3.2,-5.912260822510823,-5.806970964675542,-5.753857780291604,-4.943231024531025,-5.604080148002248
CHEMBL830,EFLORNITHINE,NCCCC(N)(C(=O)O)C(F)F,182.17,-0.23,-6.124857142857141,-5.650664471706149,-5.739766113624939,-4.874444560994562,-5.597433072295697
CHEMBL871,ETIDRONIC ACID,CC(O)(P(=O)(O)O)P(=O)(O)O,206.03,-0.99,-6.005111796536795,-5.816607651406566,-5.646362150920976,-4.910601495726493,-5.5946707736477075
CHEMBL514,LOMUSTINE,O=NN(CCCl)C(=O)NC1CCCCC1,233.7,2.25,-5.89942857142857,-5.706369631093545,-5.594975427350425,-5.168181818181819,-5.592238862013589
CHEMBL698,TETRACAINE,CCCCNc1ccc(C(=O)OCCN(C)C)cc1,264.37,2.62,-5.964880375180376,-5.745248984535799,-5.395249183006534,-5.1624805194805194,-5.566964765550807
CHEMBL979,MEPROBAMATE,CCCC(C)(COC(N)=O)COC(N)=O,218.25,0.98,-6.144955844155838,-5.6385705732069855,-5.5719883719221945,-4.908051262626262,-5.56589151297782
CHEMBL780,PENTETIC ACID,O=C(O)CN(CCN(CC(=O)O)CC(=O)O)CCN(CC(=O)O)CC(=O)O,393.35,-2.68,-6.115069841269836,-5.762966453715368,-5.384135558069383,-4.9865840909090915,-5.56218898599092
CHEMBL972,SELEGILINE,C#CCN(C)[C@H](C)Cc1ccccc1,187.29,2.18,-6.031337012987016,-5.859871892183707,-5.489398852781208,-4.844177253302252,-5.556196252813546
CHEMBL673,PARGYLINE,C#CCN(C)Cc1ccccc1,159.23,1.75,-6.081865584415587,-5.836761286123103,-5.408301630558985,-4.827561868686868,-5.538622592446136
CHEMBL645,BISOPROLOL,CC(C)NCC(O)COc1ccc(COCCOC(C)C)cc1,325.45,2.37,-6.1877589466089455,-5.478059798534796,-5.512539869281049,-4.970024475524477,-5.5370957724873175
CHEMBL1059,PREGABALIN,CC(C)C[C@H](CN)CC(=O)O,159.23,1.08,-6.000509415584414,-5.5149543028286185,-5.635379244938069,-4.835178488178489,-5.496505362882398
CHEMBL978,METHACHOLINE,CC(=O)OC(C)C[N+](C)(C)C,160.24,0.64,-5.714173015873016,-5.75266442187624,-5.606232780291605,-4.862524475524475,-5.483898673391334
CHEMBL931,HALOTHANE,FC(F)(F)C(Cl)Br,197.38,2.51,-5.8055714285714295,-5.61043483672125,-5.634268133826957,-4.865974358974359,-5.479062189523499
CHEMBL1006,AMIFOSTINE,NCCCNCCSP(=O)(O)O,214.23,-0.25,-5.620928571428571,-5.730040799544977,-5.673598262032086,-4.786934920634922,-5.45287563841014
CHEMBL852,MELPHALAN,N[C@@H](Cc1ccc(N(CCCl)CCCl)cc1)C(=O)O,305.21,1.93,-6.131392857142857,-5.530271001944917,-5.209439316239315,-4.937159090909093,-5.452065566559046
CHEMBL975,MESNA,O=S(=O)([O-])CCS.[Na+],164.18,-0.2,-5.670725685425683,-5.637473668722583,-5.668382575757579,-4.728506501831501,-5.426272107934336
CHEMBL515,CHLORAMBUCIL,O=C(O)CCCc1ccc(N(CCCl)CCCl)cc1,304.22,3.38,-6.110392857142857,-5.4497146527385665,-5.208925427350426,-4.926250000000001,-5.423820734307963
CHEMBL88,CYCLOPHOSPHAMIDE ANHYDROUS,O=P1(N(CCCl)CCCl)NCCCO1,261.09,1.88,-6.072742857142855,-5.535107509881425,-5.206350427350427,-4.875,-5.4223001985936765
CHEMBL738,THIOPENTAL SODIUM,CCCC(C)C1(CC)C(=O)[N-]C(=S)NC1=O.[Na+],264.33,1.35,-5.620859740259739,-5.573327028627927,-5.421038335847158,-5.061473088023085,-5.419174548189477
CHEMBL820,BUSULFAN,CS(=O)(=O)OCCCCOS(C)(=O)=O,246.31,-0.28,-5.762693939393935,-5.589110215509128,-5.591726467160294,-4.71895705128205,-5.415621918336352
CHEMBL39736,BUFORMIN,CCCCNC(=N)NC(=N)N,157.22,-0.21,-5.8679653679653665,-5.425918644773227,-5.647548689382512,-4.63537205017205,-5.394201188073289
CHEMBL703,SUXAMETHONIUM,C[N+](C)(C)CCOC(=O)CCC(=O)OCC[N+](C)(C)C,290.4,0.27,-5.868625396825393,-5.515431929905842,-5.5298022247360485,-4.646615384615385,-5.390118734020667
CHEMBL983,SUCCINYLCHOLINE CHLORIDE,C[N+](C)(C)CCOC(=O)CCC(=O)OCC[N+](C)(C)C.[Cl-].[Cl-],361.31,0.27,-5.842958730158725,-5.493431929905842,-5.492802224736048,-4.688615384615385,-5.379452067353999
CHEMBL44884,ETHAMBUTOL,CC[C@@H](CO)NCCN[C@@H](CC)CO,204.31,-0.29,-5.428657142857142,-5.52840416064624,-5.745155002513825,-4.772440115440116,-5.368664105364331
CHEMBL964,DISULFIRAM,CCN(CC)C(=S)SSC(=S)N(CC)CC,296.55,3.62,-5.404472619047623,-5.710441394909563,-5.437057780291606,-4.535486111111112,-5.271864476339976
CHEMBL513,CARMUSTINE,O=NN(CCCl)C(=O)NCCCl,214.05,1.16,-5.48842857142857,-5.287086114610031,-5.120515109890108,-4.933489510489512,-5.207379826604555
CHEMBL997,IBANDRONIC ACID,CCCCCN(C)CCC(O)(P(=O)(O)O)P(=O)(O)O,319.23,0.5,-5.377691558441557,-4.995035287659203,-4.85315381758764,-4.511675000000002,-4.934388915922101
